project_id,sector,invest_amount,duration_months,risk_level,expected_return_rate,success_prob,bank_share_ratio,investor_share_ratio,success_flag,actual_return_rate,bank_profit_loss,investor_profit_loss
1,İnşaat,244104.53,16,Yüksek,0.13,0.566,0.37,0.63,1,0.157,14180.03,24144.38
2,Sağlık,212689.1,6,Orta,0.092,0.698,0.44,0.56,1,0.102,9545.49,12148.8
3,Teknoloji,245073.96,18,Orta,0.096,0.735,0.48,0.52,1,0.08,9410.84,10195.08
4,Sağlık,89098.54,24,Yüksek,0.157,0.69,0.33,0.6699999999999999,1,0.18,5292.45,10745.28
5,Sağlık,218374.09,29,Orta,0.099,0.782,0.53,0.47,1,0.119,13772.85,12213.66
6,Gıda,280070.56,8,Düşük,0.072,0.906,0.54,0.45999999999999996,1,0.078,11796.57,10048.93
7,Teknoloji,179278.89,29,Orta,0.117,0.837,0.6,0.4,1,0.116,12477.81,8318.54
8,Teknoloji,108086.99,22,Orta,0.096,0.767,0.31,0.69,1,0.09,3015.63,6712.2
9,Teknoloji,257783.1,10,Orta,0.128,0.755,0.52,0.48,1,0.117,15683.52,14477.1
10,Sağlık,172294.38,25,Orta,0.137,0.802,0.32,0.6799999999999999,1,0.111,6119.9,13004.78
11,İnşaat,70458.41,26,Yüksek,0.089,0.614,0.58,0.42000000000000004,1,0.119,4863.04,3521.51
12,Teknoloji,103974.95,13,Yüksek,0.178,0.458,0.32,0.6799999999999999,1,0.168,5589.69,11878.1
13,Sağlık,125098.0,31,Orta,0.086,0.744,0.66,0.33999999999999997,1,0.087,7183.13,3700.4
14,Gıda,345555.71,19,Düşük,0.068,0.897,0.58,0.42000000000000004,1,0.05,10021.12,7256.67
15,İnşaat,316504.12,9,Yüksek,0.187,0.513,0.5,0.5,0,-0.135,-21364.03,-21364.03
16,Gıda,315995.82,16,Yüksek,0.124,0.555,0.48,0.52,1,0.159,24116.8,26126.53
17,İnşaat,182805.89,25,Düşük,0.041,0.891,0.35,0.65,0,-0.108,-6910.06,-12832.97
18,Sağlık,256991.27,20,Yüksek,0.175,0.46,0.42,0.5800000000000001,1,0.174,18780.92,25935.56
19,Enerji,92006.11,24,Yüksek,0.154,0.524,0.65,0.35,0,-0.192,-11482.36,-6182.81
20,İnşaat,163309.35,12,Orta,0.067,0.664,0.66,0.33999999999999997,1,0.12,12934.1,6663.02
21,Gıda,203987.98,24,Orta,0.151,0.765,0.3,0.7,1,0.137,8383.91,19562.45
22,Sağlık,95087.28,33,Orta,0.112,0.821,0.54,0.45999999999999996,1,0.101,5186.06,4417.75
23,İnşaat,180765.53,24,Düşük,0.067,0.923,0.59,0.41000000000000003,1,0.083,8852.09,6151.45
24,Enerji,378253.39,16,Orta,0.127,0.722,0.55,0.44999999999999996,0,-0.061,-12690.4,-10383.06
25,Enerji,215213.3,31,Yüksek,0.133,0.426,0.33,0.6699999999999999,0,-0.156,-11079.18,-22494.09
26,Teknoloji,257499.38,10,Düşük,0.061,0.87,0.39,0.61,1,0.081,8134.41,12723.04
27,Teknoloji,47752.97,10,Orta,0.074,0.759,0.4,0.6,1,0.073,1394.39,2091.58
28,Gıda,354684.67,35,Orta,0.088,0.691,0.63,0.37,1,0.087,19440.27,11417.3
29,İnşaat,148292.04,27,Orta,0.108,0.759,0.49,0.51,0,-0.112,-8138.27,-8470.44
30,İnşaat,110819.37,13,Yüksek,0.1,0.469,0.49,0.51,0,-0.111,-6027.47,-6273.48
31,Teknoloji,149146.02,15,Orta,0.087,0.82,0.67,0.32999999999999996,1,0.092,9193.36,4528.07
32,İnşaat,77457.83,11,Orta,0.081,0.729,0.55,0.44999999999999996,1,0.103,4387.99,3590.17
33,İnşaat,274847.32,20,Orta,0.103,0.699,0.66,0.33999999999999997,0,-0.164,-29749.47,-15325.49
34,Enerji,137626.96,21,Orta,0.111,0.812,0.48,0.52,1,0.098,6473.97,7013.47
35,Teknoloji,112497.31,33,Düşük,0.067,0.884,0.36,0.64,1,0.055,2227.45,3959.91
36,Sağlık,149637.72,22,Orta,0.12,0.672,0.67,0.32999999999999996,0,-0.096,-9624.7,-4740.52
37,Teknoloji,284647.78,13,Düşük,0.074,0.907,0.48,0.52,1,0.073,9974.06,10805.23
38,Sağlık,173811.94,13,Düşük,0.066,0.908,0.37,0.63,1,0.084,5402.08,9198.13
39,Enerji,80430.85,30,Orta,0.138,0.793,0.42,0.5800000000000001,0,-0.063,-2128.2,-2938.94
40,Gıda,205353.96,14,Orta,0.102,0.698,0.32,0.6799999999999999,1,0.09,5914.19,12567.66
41,İnşaat,102284.15,7,Yüksek,0.145,0.533,0.49,0.51,0,-0.171,-8570.39,-8920.2
42,Enerji,55378.65,20,Orta,0.112,0.706,0.64,0.36,1,0.136,4820.16,2711.34
43,İnşaat,343864.72,23,Orta,0.096,0.666,0.67,0.32999999999999996,1,0.113,26034.0,12822.72
44,Gıda,204559.66,8,Orta,0.137,0.825,0.67,0.32999999999999996,0,-0.115,-15761.32,-7763.04
45,Gıda,156508.35,22,Düşük,0.071,0.923,0.35,0.65,1,0.091,4984.79,9257.47
46,Enerji,136925.91,9,Orta,0.115,0.71,0.45,0.55,1,0.147,9057.65,11070.46
47,Gıda,327269.66,35,Düşük,0.061,0.91,0.31,0.69,1,0.055,5579.95,12419.88
48,Sağlık,761905.32,9,Yüksek,0.138,0.46,0.64,0.36,0,-0.121,-59001.95,-33188.6
49,Gıda,203697.28,19,Düşük,0.067,0.939,0.44,0.56,1,0.097,8693.8,11064.84
50,İnşaat,97263.85,14,Orta,0.077,0.673,0.55,0.44999999999999996,1,0.061,3263.2,2669.89
51,İnşaat,150657.94,14,Düşük,0.075,0.85,0.59,0.41000000000000003,1,0.081,7199.94,5003.35
52,İnşaat,201851.25,30,Yüksek,0.145,0.551,0.47,0.53,0,-0.115,-10910.06,-12302.83
53,İnşaat,50273.62,31,Orta,0.106,0.767,0.42,0.5800000000000001,1,0.083,1752.54,2420.17
54,Sağlık,192384.18,28,Orta,0.082,0.766,0.68,0.31999999999999995,0,-0.145,-18969.08,-8926.63
55,Teknoloji,202442.78,35,Düşük,0.067,0.855,0.69,0.31000000000000005,0,-0.066,-9219.24,-4141.98
56,Enerji,315896.88,23,Orta,0.091,0.713,0.42,0.5800000000000001,1,0.068,9022.01,12458.97
57,İnşaat,299857.2,15,Düşük,0.066,0.9,0.49,0.51,1,0.051,7493.43,7799.29
58,Gıda,172057.86,26,Yüksek,0.173,0.465,0.69,0.31000000000000005,1,0.178,21132.15,9494.15
59,İnşaat,347082.73,9,Düşük,0.054,0.937,0.3,0.7,1,0.059,6143.36,14334.52
60,Gıda,450376.49,17,Düşük,0.049,0.859,0.47,0.53,1,0.039,8255.4,9309.28
61,Gıda,165045.38,32,Düşük,0.075,0.899,0.34,0.6599999999999999,1,0.074,4152.54,8060.82
62,İnşaat,200605.09,13,Orta,0.096,0.788,0.5,0.5,1,0.086,8626.02,8626.02
63,Sağlık,67262.04,7,Orta,0.104,0.702,0.31,0.69,1,0.098,2043.42,4548.26
64,Gıda,78787.79,27,Düşük,0.065,0.912,0.46,0.54,1,0.049,1775.88,2084.73
65,Gıda,107034.0,18,Orta,0.075,0.816,0.39,0.61,1,0.077,3214.23,5027.39
66,İnşaat,130377.69,26,Orta,0.109,0.688,0.51,0.49,1,0.097,6449.78,6196.85
67,Gıda,94083.55,21,Orta,0.102,0.833,0.7,0.30000000000000004,1,0.079,5202.82,2229.78
68,Gıda,159851.78,33,Orta,0.087,0.761,0.62,0.38,1,0.099,9811.7,6013.62
69,İnşaat,132342.09,7,Orta,0.077,0.71,0.64,0.36,1,0.089,7538.21,4240.24
70,İnşaat,278019.8,16,Orta,0.112,0.736,0.55,0.44999999999999996,0,-0.102,-15596.91,-12761.11
71,Enerji,128362.45,15,Düşük,0.071,0.881,0.32,0.6799999999999999,1,0.094,3861.14,8204.93
72,Sağlık,51877.53,20,Düşük,0.062,0.923,0.38,0.62,1,0.082,1616.5,2637.45
73,Sağlık,173316.66,22,Yüksek,0.107,0.639,0.67,0.32999999999999996,1,0.121,14050.78,6920.53
74,Gıda,161603.48,13,Yüksek,0.118,0.65,0.45,0.55,1,0.134,9744.69,11910.18
75,Sağlık,105765.01,23,Orta,0.091,0.847,0.34,0.6599999999999999,1,0.076,2732.97,5305.17
76,Gıda,170672.18,28,Düşük,0.076,0.929,0.58,0.42000000000000004,1,0.045,4454.54,3225.7
77,Enerji,95069.9,14,Orta,0.095,0.77,0.42,0.5800000000000001,0,-0.197,-7866.08,-10862.69
78,İnşaat,191936.52,30,Orta,0.091,0.718,0.41,0.5900000000000001,1,0.102,8026.79,11550.74
79,İnşaat,607108.15,13,Düşük,0.043,0.904,0.7,0.30000000000000004,1,0.056,23798.64,10199.42
80,İnşaat,65985.96,32,Düşük,0.053,0.854,0.64,0.36,0,-0.085,-3589.64,-2019.17
81,Sağlık,125728.36,19,Orta,0.075,0.799,0.46,0.54,1,0.078,4511.13,5295.68
82,Enerji,116046.64,33,Orta,0.08,0.739,0.69,0.31000000000000005,1,0.076,6085.49,2734.06
83,Sağlık,131054.7,31,Düşük,0.061,0.852,0.56,0.43999999999999995,0,-0.053,-3889.7,-3056.2
84,Sağlık,271023.9,30,Düşük,0.056,0.856,0.6,0.4,1,0.049,7968.1,5312.07
85,Enerji,213504.52,23,Düşük,0.077,0.889,0.31,0.69,1,0.056,3706.44,8249.81
86,Enerji,248794.68,27,Orta,0.122,0.767,0.35,0.65,0,-0.053,-4615.14,-8570.98
87,Enerji,165255.45,25,Düşük,0.054,0.896,0.55,0.44999999999999996,1,0.019,1726.92,1412.93
88,Enerji,84031.78,35,Düşük,0.051,0.912,0.66,0.33999999999999997,1,0.067,3715.89,1914.24
89,İnşaat,93214.38,25,Orta,0.128,0.746,0.55,0.44999999999999996,1,0.115,5895.81,4823.84
90,Teknoloji,236364.37,26,Düşük,0.077,0.916,0.35,0.65,1,0.104,8603.66,15978.23
91,Teknoloji,177267.64,17,Orta,0.056,0.694,0.35,0.65,1,0.069,4281.01,7950.45
92,Enerji,305621.81,24,Düşük,0.061,0.861,0.64,0.36,1,0.024,4694.35,2640.57
93,Teknoloji,188458.11,19,Düşük,0.057,0.91,0.36,0.64,0,-0.122,-8277.08,-14714.81
94,Teknoloji,90083.52,22,Düşük,0.066,0.898,0.51,0.49,0,-0.098,-4502.37,-4325.81
95,Enerji,125373.07,29,Orta,0.139,0.655,0.31,0.69,0,-0.176,-6840.35,-15225.31
96,Teknoloji,215864.69,26,Yüksek,0.135,0.514,0.33,0.6699999999999999,1,0.125,8904.42,18078.67
97,Sağlık,232156.33,8,Yüksek,0.088,0.432,0.57,0.43000000000000005,0,-0.095,-12571.27,-9483.59
98,Gıda,249584.87,31,Orta,0.112,0.756,0.58,0.42000000000000004,0,-0.149,-21569.12,-15619.02
99,Gıda,96349.54,35,Orta,0.128,0.729,0.44,0.56,0,-0.071,-3009.96,-3830.86
100,Enerji,89275.73,28,Düşük,0.057,0.911,0.39,0.61,1,0.068,2367.59,3703.16
101,İnşaat,148019.42,12,Düşük,0.053,0.931,0.63,0.37,1,0.058,5408.63,3176.5
102,Enerji,334381.14,22,Yüksek,0.137,0.49,0.39,0.61,1,0.16,20865.38,32635.6
103,İnşaat,115043.53,17,Düşük,0.069,0.946,0.52,0.48,1,0.11,6580.49,6074.3
104,Gıda,204328.84,14,Düşük,0.055,0.904,0.69,0.31000000000000005,1,0.058,8177.24,3673.83
105,Enerji,204337.96,20,Düşük,0.063,0.912,0.36,0.64,1,0.071,5222.88,9285.12
106,Sağlık,238085.8,23,Düşük,0.06,0.918,0.68,0.31999999999999995,1,0.043,6961.63,3276.06
107,Teknoloji,374078.19,26,Düşük,0.059,0.917,0.37,0.63,1,0.039,5397.95,9191.1
108,İnşaat,355383.66,18,Orta,0.114,0.752,0.53,0.47,1,0.135,25427.7,22549.09
109,Teknoloji,120897.35,35,Orta,0.09,0.736,0.45,0.55,1,0.108,5875.61,7181.3
110,Teknoloji,57014.01,26,Yüksek,0.137,0.416,0.69,0.31000000000000005,1,0.116,4563.4,2050.22
111,Enerji,115929.25,35,Yüksek,0.174,0.407,0.41,0.5900000000000001,0,-0.199,-9458.67,-13611.25
112,Teknoloji,169030.79,13,Orta,0.08,0.722,0.46,0.54,1,0.054,4198.72,4928.94
113,Sağlık,135832.44,19,Düşük,0.051,0.883,0.69,0.31000000000000005,1,0.047,4405.05,1979.08
114,Teknoloji,435369.11,13,Orta,0.075,0.728,0.51,0.49,1,0.057,12656.18,12159.86
115,Enerji,164290.28,19,Orta,0.117,0.678,0.5,0.5,1,0.122,10021.71,10021.71
116,Sağlık,225676.07,12,Düşük,0.059,0.924,0.4,0.6,1,0.046,4152.44,6228.66
117,Gıda,181426.73,28,Orta,0.074,0.821,0.58,0.42000000000000004,0,-0.058,-6103.2,-4419.56
118,Teknoloji,136855.84,17,Orta,0.117,0.838,0.31,0.69,1,0.135,5727.42,12748.12
119,Enerji,62167.91,16,Orta,0.089,0.748,0.32,0.6799999999999999,0,-0.11,-2188.31,-4650.16
120,Gıda,156481.2,27,Orta,0.083,0.79,0.54,0.45999999999999996,1,0.092,7773.99,6622.28
121,Gıda,828459.84,27,Düşük,0.058,0.936,0.44,0.56,1,0.009,3280.7,4175.44
122,İnşaat,87358.08,16,Yüksek,0.194,0.525,0.68,0.31999999999999995,0,-0.095,-5643.33,-2655.69
123,Sağlık,65680.9,30,Orta,0.092,0.712,0.66,0.33999999999999997,1,0.103,4464.99,2300.15
124,Teknoloji,428563.69,27,Düşük,0.066,0.944,0.59,0.41000000000000003,1,0.053,13401.19,9312.69
125,Enerji,235871.27,33,Yüksek,0.172,0.555,0.63,0.37,1,0.189,28085.19,16494.48
126,İnşaat,178744.01,34,Orta,0.109,0.749,0.57,0.43000000000000005,0,-0.158,-16097.69,-12143.87
127,Sağlık,321687.85,18,Yüksek,0.188,0.454,0.35,0.65,1,0.175,19703.38,36591.99
128,İnşaat,107392.87,23,Orta,0.086,0.672,0.61,0.39,1,0.07,4585.68,2931.83
129,Sağlık,154307.5,7,Orta,0.079,0.818,0.38,0.62,1,0.098,5746.41,9375.72
130,Sağlık,262387.33,34,Düşük,0.049,0.911,0.43,0.5700000000000001,1,0.014,1579.57,2093.85
131,Teknoloji,467510.55,26,Düşük,0.059,0.883,0.63,0.37,1,0.091,26802.38,15741.08
132,Sağlık,90737.67,20,Orta,0.081,0.688,0.51,0.49,1,0.075,3470.72,3334.61
133,İnşaat,308774.72,25,Orta,0.103,0.761,0.64,0.36,1,0.115,22725.82,12783.27
134,Sağlık,196992.22,32,Düşük,0.061,0.908,0.39,0.61,1,0.071,5454.71,8531.73
135,Teknoloji,176580.22,23,Düşük,0.07,0.871,0.54,0.45999999999999996,1,0.073,6960.79,5929.56
136,Teknoloji,162127.02,20,Yüksek,0.159,0.655,0.33,0.6699999999999999,1,0.147,7864.78,15967.89
137,İnşaat,81444.47,24,Yüksek,0.138,0.425,0.56,0.43999999999999995,1,0.162,7388.64,5805.36
138,Gıda,263430.41,28,Orta,0.108,0.721,0.61,0.39,0,-0.181,-29085.35,-18595.55
139,Gıda,110069.3,29,Düşük,0.05,0.918,0.53,0.47,1,0.039,2275.13,2017.57
140,Sağlık,94859.74,17,Düşük,0.06,0.877,0.41,0.5900000000000001,1,0.068,2644.69,3805.77
141,Enerji,253401.25,18,Düşük,0.063,0.933,0.31,0.69,1,0.074,5813.02,12938.67
142,Sağlık,241486.06,27,Yüksek,0.154,0.622,0.35,0.65,1,0.17,14368.42,26684.21
143,İnşaat,169312.27,16,Düşük,0.064,0.929,0.55,0.44999999999999996,1,0.052,4842.33,3961.91
144,İnşaat,279224.62,10,Orta,0.087,0.674,0.67,0.32999999999999996,1,0.074,13843.96,6818.67
145,İnşaat,332025.91,34,Düşük,0.072,0.864,0.38,0.62,1,0.073,9210.4,15027.49
146,İnşaat,313048.07,6,Orta,0.136,0.707,0.59,0.41000000000000003,1,0.15,27704.75,19252.46
147,İnşaat,124973.94,29,Orta,0.068,0.754,0.65,0.35,1,0.067,5442.62,2930.64
148,Teknoloji,270236.41,8,Yüksek,0.114,0.624,0.51,0.49,0,-0.183,-25221.16,-24232.1
149,Gıda,180921.86,27,Düşük,0.06,0.934,0.57,0.43000000000000005,1,0.066,6806.28,5134.56
150,İnşaat,385753.52,24,Düşük,0.057,0.92,0.63,0.37,1,0.048,11665.19,6850.98
151,Enerji,152991.22,28,Düşük,0.079,0.943,0.4,0.6,1,0.067,4100.16,6150.25
152,Enerji,136184.27,34,Yüksek,0.157,0.622,0.42,0.5800000000000001,0,-0.121,-6920.88,-9557.41
153,Enerji,119742.82,35,Yüksek,0.192,0.492,0.3,0.7,1,0.208,7471.95,17434.55
154,Enerji,178911.03,12,Orta,0.059,0.703,0.69,0.31000000000000005,0,-0.157,-19381.43,-8707.6
155,Teknoloji,205533.17,17,Orta,0.116,0.789,0.67,0.32999999999999996,1,0.097,13357.6,6579.12
156,Enerji,207519.61,20,Orta,0.086,0.689,0.61,0.39,1,0.083,10506.72,6717.41
157,İnşaat,193800.83,30,Düşük,0.053,0.859,0.33,0.6699999999999999,1,0.063,4029.12,8180.33
158,Sağlık,227639.5,10,Yüksek,0.143,0.56,0.48,0.52,0,-0.148,-16171.51,-17519.14
159,Enerji,145616.11,20,Orta,0.072,0.814,0.34,0.6599999999999999,1,0.077,3812.23,7400.21
160,Teknoloji,105213.02,13,Orta,0.109,0.67,0.31,0.69,1,0.096,3131.14,6969.31
161,Teknoloji,100718.62,15,Orta,0.104,0.808,0.55,0.44999999999999996,1,0.129,7145.99,5846.72
162,Enerji,265010.72,31,Düşük,0.063,0.931,0.68,0.31999999999999995,1,0.073,13155.13,6190.65
163,Sağlık,205903.14,21,Düşük,0.069,0.898,0.66,0.33999999999999997,1,0.047,6387.12,3290.33
164,Enerji,64349.29,13,Orta,0.13,0.661,0.58,0.42000000000000004,1,0.147,5486.42,3972.92
165,Teknoloji,281637.68,6,Düşük,0.056,0.867,0.34,0.6599999999999999,1,0.048,4596.33,8922.28
166,Gıda,416739.9,17,Orta,0.11,0.791,0.41,0.5900000000000001,0,-0.068,-11618.71,-16719.6
167,İnşaat,113782.22,10,Düşük,0.063,0.921,0.43,0.5700000000000001,1,0.023,1125.31,1491.68
168,Teknoloji,192544.01,8,Orta,0.108,0.83,0.61,0.39,0,-0.191,-22433.3,-14342.6
169,Enerji,128446.91,6,Düşük,0.064,0.908,0.62,0.38,1,0.038,3026.21,1854.77
170,İnşaat,222827.56,9,Orta,0.132,0.675,0.45,0.55,0,-0.073,-7319.89,-8946.53
171,Enerji,90852.77,13,Orta,0.091,0.674,0.47,0.53,1,0.081,3458.76,3900.31
172,Enerji,157043.35,8,Düşük,0.045,0.922,0.32,0.6799999999999999,1,0.056,2814.22,5980.21
173,Gıda,265841.9,15,Orta,0.086,0.687,0.42,0.5800000000000001,1,0.076,8485.67,11718.31
174,İnşaat,301901.44,7,Orta,0.115,0.716,0.48,0.52,1,0.108,15650.57,16954.78
175,İnşaat,201440.21,16,Orta,0.1,0.747,0.35,0.65,0,-0.157,-11069.14,-20556.97
176,Gıda,137376.05,30,Yüksek,0.136,0.407,0.48,0.52,1,0.132,8704.15,9429.49
177,Teknoloji,73401.49,15,Orta,0.078,0.7,0.64,0.36,1,0.068,3194.43,1796.87
178,Enerji,111438.17,26,Düşük,0.062,0.891,0.53,0.47,1,0.071,4193.42,3718.69
179,Sağlık,128715.95,19,Düşük,0.066,0.878,0.33,0.6699999999999999,1,0.032,1359.24,2759.67
180,Enerji,114821.39,12,Düşük,0.063,0.864,0.38,0.62,1,0.068,2966.98,4840.87
181,Enerji,167673.93,32,Orta,0.095,0.796,0.49,0.51,1,0.13,10680.83,11116.78
182,Teknoloji,137180.95,32,Düşük,0.061,0.931,0.44,0.56,1,0.086,5190.93,6606.63
183,Enerji,177381.97,7,Orta,0.103,0.701,0.44,0.56,1,0.09,7024.33,8940.05
184,Gıda,296948.4,14,Orta,0.104,0.805,0.51,0.49,1,0.114,17264.58,16587.54
185,Gıda,132822.49,21,Orta,0.076,0.727,0.53,0.47,1,0.082,5772.47,5118.98
186,İnşaat,81516.97,18,Orta,0.104,0.751,0.62,0.38,1,0.133,6721.89,4119.87
187,Sağlık,114593.48,14,Düşük,0.056,0.936,0.44,0.56,1,0.005,252.11,320.86
188,Enerji,217900.59,25,Düşük,0.07,0.925,0.62,0.38,1,0.093,12564.15,7700.61
189,Enerji,228426.98,9,Orta,0.103,0.811,0.44,0.56,1,0.097,9749.26,12408.15
190,Teknoloji,199394.91,27,Orta,0.117,0.677,0.32,0.6799999999999999,1,0.102,6508.25,13830.03
191,Gıda,311878.4,15,Orta,0.094,0.664,0.52,0.48,1,0.079,12811.96,11826.43
192,Sağlık,148274.19,31,Orta,0.095,0.829,0.54,0.45999999999999996,1,0.069,5524.7,4706.22
193,İnşaat,454104.7,31,Düşük,0.075,0.889,0.67,0.32999999999999996,1,0.063,19167.76,9440.84
194,Gıda,245019.62,27,Yüksek,0.163,0.486,0.59,0.41000000000000003,1,0.141,20383.18,14164.58
195,İnşaat,46085.62,17,Orta,0.086,0.795,0.67,0.32999999999999996,1,0.089,2748.09,1353.53
196,Teknoloji,400444.04,22,Orta,0.118,0.817,0.66,0.33999999999999997,1,0.13,34358.1,17699.63
197,Teknoloji,110913.59,19,Düşük,0.055,0.936,0.54,0.45999999999999996,1,0.05,2994.67,2551.01
198,Enerji,97046.88,19,Orta,0.105,0.713,0.51,0.49,1,0.135,6681.68,6419.65
199,Sağlık,211479.97,30,Orta,0.137,0.82,0.52,0.48,1,0.126,13856.17,12790.31
200,İnşaat,68248.43,7,Düşük,0.046,0.854,0.69,0.31000000000000005,0,-0.067,-3155.13,-1417.52
201,Gıda,114951.48,26,Yüksek,0.145,0.415,0.61,0.39,0,-0.087,-6100.47,-3900.3
202,Teknoloji,354530.36,30,Düşük,0.064,0.912,0.34,0.6599999999999999,1,0.076,9161.06,17783.24
203,Enerji,214938.84,25,Yüksek,0.173,0.419,0.61,0.39,1,0.187,24518.07,15675.49
204,Enerji,244292.09,16,Orta,0.075,0.715,0.37,0.63,0,-0.108,-9761.91,-16621.63
205,İnşaat,117189.16,21,Düşük,0.045,0.917,0.48,0.52,1,0.043,2418.78,2620.35
206,Teknoloji,75419.04,24,Orta,0.122,0.717,0.38,0.62,0,-0.08,-2292.74,-3740.78
207,Sağlık,231748.66,28,Yüksek,0.128,0.454,0.58,0.42000000000000004,1,0.139,18683.58,13529.49
208,Teknoloji,259141.13,11,Orta,0.085,0.706,0.65,0.35,0,-0.144,-24255.61,-13060.71
209,İnşaat,253342.27,29,Yüksek,0.197,0.537,0.42,0.5800000000000001,0,-0.153,-16279.77,-22481.59
210,İnşaat,180689.36,24,Orta,0.101,0.745,0.33,0.6699999999999999,1,0.107,6380.14,12953.62
211,Teknoloji,100354.67,10,Orta,0.102,0.807,0.42,0.5800000000000001,1,0.094,3962.0,5471.34
212,İnşaat,550666.58,31,Yüksek,0.145,0.625,0.57,0.43000000000000005,1,0.144,45198.71,34097.27
213,Teknoloji,206879.9,9,Düşük,0.048,0.896,0.43,0.5700000000000001,1,0.04,3558.33,4716.86
214,Gıda,149202.05,20,Orta,0.114,0.819,0.41,0.5900000000000001,1,0.137,8380.68,12060.0
215,Teknoloji,149533.45,34,Düşük,0.064,0.861,0.37,0.63,1,0.047,2600.39,4427.69
216,Teknoloji,175395.51,9,Yüksek,0.155,0.477,0.5,0.5,1,0.174,15259.41,15259.41
217,İnşaat,277840.96,25,Yüksek,0.147,0.648,0.41,0.5900000000000001,1,0.136,15492.41,22293.96
218,İnşaat,178941.47,15,Düşük,0.057,0.888,0.59,0.41000000000000003,1,0.083,8762.76,6089.38
219,Enerji,250010.1,29,Orta,0.118,0.846,0.33,0.6699999999999999,1,0.127,10477.92,21273.36
220,Enerji,175553.45,27,Yüksek,0.146,0.54,0.57,0.43000000000000005,1,0.131,13108.58,9888.93
221,Gıda,153863.8,8,Düşük,0.059,0.929,0.4,0.6,0,-0.089,-5477.55,-8216.33
222,Enerji,224274.31,31,Orta,0.111,0.73,0.5,0.5,1,0.104,11662.26,11662.26
223,Teknoloji,220057.25,10,Yüksek,0.156,0.527,0.41,0.5900000000000001,0,-0.176,-15879.33,-22850.74
224,İnşaat,149519.63,11,Düşük,0.076,0.888,0.59,0.41000000000000003,1,0.077,6792.68,4720.33
225,Enerji,111903.99,26,Orta,0.065,0.794,0.68,0.31999999999999995,1,0.055,4185.21,1969.51
226,Enerji,193080.88,27,Düşük,0.063,0.905,0.67,0.32999999999999996,1,0.098,12677.69,6244.24
227,Gıda,169257.13,13,Yüksek,0.129,0.683,0.53,0.47,1,0.167,14980.95,13284.99
228,Gıda,123323.24,12,Yüksek,0.122,0.475,0.49,0.51,0,-0.121,-7311.83,-7610.28
229,Teknoloji,106809.24,26,Yüksek,0.136,0.43,0.63,0.37,0,-0.169,-11371.98,-6678.78
230,İnşaat,199833.12,15,Orta,0.101,0.729,0.57,0.43000000000000005,1,0.093,10593.15,7991.33
231,Gıda,214281.86,11,Yüksek,0.153,0.585,0.37,0.63,0,-0.142,-11258.37,-19169.66
232,Enerji,135942.05,19,Yüksek,0.104,0.658,0.63,0.37,1,0.089,7622.27,4476.57
233,İnşaat,121787.31,9,Orta,0.089,0.719,0.47,0.53,0,-0.154,-8814.97,-9940.28
234,İnşaat,107459.83,33,Yüksek,0.158,0.596,0.38,0.62,0,-0.111,-4532.66,-7395.39
235,Enerji,197033.19,30,Düşük,0.051,0.885,0.41,0.5900000000000001,1,0.047,3796.83,5463.73
236,Gıda,108881.07,18,Orta,0.078,0.773,0.41,0.5900000000000001,1,0.098,4374.84,6295.5
237,Enerji,499102.76,25,Düşük,0.037,0.938,0.51,0.49,1,0.028,7127.19,6847.69
238,İnşaat,132569.1,22,Düşük,0.053,0.873,0.39,0.61,1,0.051,2636.8,4124.22
239,Sağlık,48406.67,28,Düşük,0.049,0.89,0.35,0.65,1,0.084,1423.16,2643.0
240,Sağlık,160317.93,12,Orta,0.08,0.849,0.35,0.65,0,-0.067,-3759.46,-6981.85
241,Teknoloji,156918.72,9,Orta,0.095,0.824,0.53,0.47,1,0.103,8566.19,7596.44
242,Enerji,283752.96,34,Orta,0.088,0.763,0.59,0.41000000000000003,1,0.108,18080.74,12564.58
243,Enerji,187974.79,19,Düşük,0.048,0.902,0.43,0.5700000000000001,1,0.034,2748.19,3642.95
244,Teknoloji,107267.65,8,Orta,0.058,0.707,0.31,0.69,1,0.032,1064.1,2368.47
245,Teknoloji,141040.74,29,Orta,0.106,0.753,0.35,0.65,1,0.092,4541.51,8434.24
246,Teknoloji,191704.4,10,Orta,0.115,0.82,0.67,0.32999999999999996,1,0.094,12073.54,5946.67
247,İnşaat,55140.67,21,Orta,0.092,0.787,0.5,0.5,1,0.104,2867.31,2867.31
248,Enerji,317842.38,31,Orta,0.095,0.708,0.48,0.52,1,0.095,14493.61,15701.41
249,İnşaat,107410.7,28,Yüksek,0.15,0.46,0.32,0.6799999999999999,1,0.188,6461.83,13731.38
250,Teknoloji,330552.88,25,Orta,0.132,0.703,0.59,0.41000000000000003,1,0.146,28473.82,19786.9
251,Enerji,198041.64,9,Düşük,0.044,0.867,0.51,0.49,1,0.081,8181.1,7860.27
252,İnşaat,222971.02,29,Düşük,0.056,0.86,0.38,0.62,1,0.028,2372.41,3870.78
253,İnşaat,289153.14,35,Yüksek,0.098,0.526,0.34,0.6599999999999999,1,0.033,3244.3,6297.76
254,Teknoloji,216764.33,29,Düşük,0.064,0.861,0.45,0.55,1,0.068,6632.99,8106.99
255,Enerji,227850.07,7,Yüksek,0.146,0.452,0.63,0.37,0,-0.064,-9186.91,-5395.49
256,Teknoloji,149910.21,35,Orta,0.104,0.759,0.65,0.35,1,0.107,10426.25,5614.14
257,Enerji,196042.03,23,Yüksek,0.155,0.449,0.54,0.45999999999999996,0,-0.053,-5610.72,-4779.5
258,Sağlık,121327.78,24,Orta,0.12,0.663,0.59,0.41000000000000003,1,0.117,8375.26,5820.09
259,Gıda,137076.5,33,Yüksek,0.166,0.495,0.35,0.65,1,0.168,8060.1,14968.75
260,Gıda,434672.23,33,Orta,0.117,0.694,0.54,0.45999999999999996,1,0.094,22063.96,18795.23
261,Gıda,108651.76,24,Orta,0.079,0.753,0.57,0.43000000000000005,1,0.09,5573.84,4204.82
262,Teknoloji,175809.9,22,Orta,0.124,0.67,0.38,0.62,0,-0.086,-5745.47,-9374.18
263,Sağlık,172255.57,19,Orta,0.086,0.8,0.65,0.35,1,0.099,11084.65,5968.66
264,Enerji,139333.1,24,Orta,0.087,0.831,0.38,0.62,1,0.092,4871.09,7947.56
265,İnşaat,210491.48,27,Yüksek,0.158,0.623,0.43,0.5700000000000001,0,-0.197,-17830.73,-23636.09
266,Enerji,218569.88,29,Yüksek,0.159,0.56,0.55,0.44999999999999996,1,0.152,18272.44,14950.18
267,İnşaat,102445.93,18,Orta,0.079,0.822,0.56,0.43999999999999995,0,-0.058,-3327.44,-2614.42
268,Enerji,171215.51,17,Orta,0.097,0.789,0.58,0.42000000000000004,1,0.091,9036.75,6543.86
269,Sağlık,94732.87,35,Orta,0.13,0.652,0.34,0.6599999999999999,0,-0.18,-5797.65,-11254.27
270,İnşaat,241415.38,31,Orta,0.071,0.729,0.64,0.36,0,-0.094,-14523.55,-8169.5
271,Teknoloji,177769.61,11,Düşük,0.075,0.935,0.51,0.49,1,0.046,4170.48,4006.93
272,Enerji,169594.39,26,Düşük,0.058,0.885,0.49,0.51,1,0.06,4986.08,5189.59
273,Enerji,226277.11,9,Orta,0.053,0.657,0.69,0.31000000000000005,1,0.028,4371.67,1964.09
274,İnşaat,141810.2,24,Düşük,0.046,0.925,0.6,0.4,1,0.022,1871.89,1247.93
275,Teknoloji,257046.17,21,Düşük,0.05,0.93,0.35,0.65,1,0.036,3238.78,6014.88
276,Teknoloji,101293.5,18,Düşük,0.054,0.866,0.6,0.4,1,0.061,3707.34,2471.56
277,Sağlık,329699.94,9,Düşük,0.059,0.904,0.34,0.6599999999999999,1,0.045,5044.41,9792.09
278,Teknoloji,123567.69,35,Düşük,0.033,0.869,0.31,0.69,0,-0.164,-6282.18,-13982.92
279,Teknoloji,69696.85,28,Yüksek,0.156,0.616,0.46,0.54,1,0.131,4199.93,4930.36
280,Teknoloji,138099.89,22,Orta,0.079,0.704,0.7,0.30000000000000004,1,0.113,10923.7,4681.59
281,Gıda,130485.31,28,Orta,0.128,0.713,0.37,0.63,1,0.143,6903.98,11755.42
282,Sağlık,137580.3,6,Orta,0.095,0.819,0.57,0.43000000000000005,1,0.131,10273.12,7749.9
283,Enerji,182740.8,23,Düşük,0.069,0.898,0.37,0.63,1,0.083,5611.97,9555.52
284,İnşaat,281791.07,25,Yüksek,0.183,0.601,0.59,0.41000000000000003,1,0.179,29759.95,20680.65
285,Enerji,147878.61,22,Orta,0.122,0.73,0.5,0.5,0,-0.166,-12273.92,-12273.92
286,Sağlık,115173.07,32,Düşük,0.054,0.88,0.57,0.43000000000000005,1,0.036,2363.35,1782.88
287,İnşaat,92663.19,33,Orta,0.088,0.775,0.38,0.62,1,0.101,3556.41,5802.57
288,Sağlık,128786.16,32,Yüksek,0.143,0.446,0.6,0.4,1,0.141,10895.31,7263.54
289,Teknoloji,63328.3,20,Yüksek,0.169,0.512,0.7,0.30000000000000004,0,-0.12,-5319.58,-2279.82
290,İnşaat,113259.11,16,Orta,0.09,0.692,0.57,0.43000000000000005,1,0.094,6068.42,4577.93
291,Teknoloji,303163.32,30,Orta,0.098,0.789,0.5,0.5,1,0.103,15612.91,15612.91
292,Enerji,107830.99,33,Düşük,0.063,0.944,0.67,0.32999999999999996,1,0.068,4912.78,2419.73
293,Enerji,222873.12,27,Yüksek,0.123,0.699,0.31,0.69,0,-0.105,-7254.52,-16147.16
294,İnşaat,88146.81,18,Düşük,0.05,0.895,0.59,0.41000000000000003,1,0.06,3120.4,2168.41
295,İnşaat,394568.46,6,Yüksek,0.145,0.476,0.66,0.33999999999999997,1,0.152,39583.11,20391.3
296,Sağlık,407910.62,22,Orta,0.099,0.739,0.32,0.6799999999999999,1,0.086,11225.7,23854.61
297,Sağlık,218711.94,11,Orta,0.109,0.819,0.48,0.52,1,0.099,10393.19,11259.29
298,Teknoloji,440482.63,9,Orta,0.113,0.691,0.38,0.62,1,0.1,16738.34,27309.92
299,İnşaat,194443.42,25,Düşük,0.049,0.945,0.53,0.47,1,0.029,2988.6,2650.26
300,Enerji,239009.49,21,Düşük,0.052,0.884,0.56,0.43999999999999995,1,0.042,5621.5,4416.9
301,Sağlık,305885.75,20,Düşük,0.05,0.949,0.42,0.5800000000000001,1,0.058,7451.38,10290.0
302,Sağlık,178057.04,32,Düşük,0.074,0.934,0.48,0.52,1,0.075,6410.05,6944.22
303,Enerji,74892.67,20,Orta,0.098,0.812,0.41,0.5900000000000001,1,0.089,2732.83,3932.61
304,Sağlık,241465.45,11,Orta,0.1,0.714,0.45,0.55,0,-0.051,-5541.63,-6773.11
305,Teknoloji,128549.61,20,Düşük,0.061,0.851,0.36,0.64,1,0.09,4165.01,7404.46
306,İnşaat,133417.03,19,Yüksek,0.129,0.515,0.65,0.35,1,0.134,11620.62,6257.26
307,Enerji,188895.17,33,Yüksek,0.197,0.491,0.3,0.7,0,-0.099,-5610.19,-13090.43
308,İnşaat,216023.06,16,Yüksek,0.162,0.411,0.65,0.35,0,-0.067,-9407.8,-5065.74
309,Sağlık,175442.62,12,Yüksek,0.151,0.552,0.53,0.47,1,0.112,10414.27,9235.3
310,Sağlık,223656.07,14,Düşük,0.049,0.89,0.43,0.5700000000000001,1,0.017,1634.93,2167.23
311,Enerji,114298.81,31,Orta,0.077,0.777,0.59,0.41000000000000003,1,0.069,4653.1,3233.51
312,Teknoloji,159316.51,21,Orta,0.094,0.774,0.5,0.5,0,-0.186,-14816.44,-14816.44
313,Gıda,248834.36,10,Orta,0.086,0.674,0.5,0.5,1,0.111,13810.31,13810.31
314,Enerji,394903.06,30,Düşük,0.049,0.948,0.34,0.6599999999999999,1,0.067,8995.89,17462.61
315,Gıda,471284.77,25,Yüksek,0.139,0.456,0.46,0.54,0,-0.118,-25581.34,-30030.27
316,Gıda,202094.03,34,Düşük,0.058,0.895,0.4,0.6,1,0.037,2990.99,4486.49
317,Teknoloji,247707.75,15,Düşük,0.061,0.899,0.31,0.69,1,0.089,6834.26,15211.73
318,Gıda,438357.29,23,Orta,0.09,0.813,0.44,0.56,1,0.084,16201.69,20620.33
319,Gıda,116376.04,8,Orta,0.08,0.67,0.34,0.6599999999999999,1,0.082,3244.56,6298.27
320,Teknoloji,222982.8,18,Orta,0.081,0.736,0.4,0.6,1,0.106,9454.47,14181.71
321,Gıda,238988.68,16,Düşük,0.072,0.913,0.34,0.6599999999999999,0,-0.17,-13813.55,-26814.53
322,Gıda,335685.74,22,Yüksek,0.112,0.465,0.34,0.6599999999999999,1,0.103,11755.71,22819.92
323,Gıda,92173.63,35,Düşük,0.064,0.913,0.38,0.62,1,0.046,1611.19,2628.79
324,Enerji,101752.34,35,Düşük,0.065,0.942,0.7,0.30000000000000004,1,0.078,5555.68,2381.0
325,Enerji,164504.15,27,Yüksek,0.146,0.699,0.3,0.7,0,-0.087,-4293.56,-10018.3
326,Enerji,196587.68,18,Yüksek,0.203,0.41,0.56,0.43999999999999995,0,-0.199,-21907.73,-17213.22
327,Teknoloji,285338.64,11,Yüksek,0.165,0.471,0.36,0.64,1,0.157,16127.34,28670.83
328,Sağlık,210822.51,22,Yüksek,0.205,0.493,0.67,0.32999999999999996,1,0.189,26696.45,13149.0
329,Gıda,150888.04,32,Orta,0.087,0.73,0.34,0.6599999999999999,1,0.087,4463.27,8663.99
330,Gıda,200432.08,18,Orta,0.087,0.698,0.68,0.31999999999999995,1,0.058,7905.04,3720.02
331,Teknoloji,189192.87,24,Düşük,0.065,0.87,0.54,0.45999999999999996,1,0.084,8581.79,7310.41
332,Gıda,389456.8,26,Orta,0.095,0.841,0.3,0.7,1,0.094,10982.68,25626.26
333,Enerji,176809.73,24,Orta,0.134,0.834,0.66,0.33999999999999997,0,-0.055,-6418.19,-3306.34
334,Sağlık,134384.22,15,Düşük,0.063,0.855,0.51,0.49,1,0.081,5551.41,5333.71
335,İnşaat,203781.68,8,Orta,0.079,0.718,0.41,0.5900000000000001,0,-0.141,-11780.62,-16952.6
336,Gıda,179735.69,19,Orta,0.065,0.731,0.61,0.39,1,0.032,3508.44,2243.1
337,Enerji,74198.8,31,Düşük,0.059,0.874,0.67,0.32999999999999996,1,0.086,4275.34,2105.76
338,İnşaat,161486.04,24,Düşük,0.059,0.913,0.49,0.51,1,0.057,4510.31,4694.4
339,Sağlık,154760.01,10,Orta,0.106,0.778,0.43,0.5700000000000001,1,0.084,5589.93,7409.91
340,İnşaat,124003.38,34,Düşük,0.072,0.935,0.62,0.38,1,0.072,5535.51,3392.73
341,Enerji,273154.17,10,Yüksek,0.182,0.622,0.57,0.43000000000000005,0,-0.183,-28492.71,-21494.5
342,İnşaat,109881.76,25,Orta,0.088,0.759,0.66,0.33999999999999997,0,-0.147,-10660.73,-5491.89
343,Teknoloji,204394.93,22,Orta,0.074,0.781,0.58,0.42000000000000004,0,-0.075,-8891.18,-6438.44
344,İnşaat,151156.58,26,Orta,0.075,0.705,0.4,0.6,1,0.052,3144.06,4716.09
345,Gıda,171758.98,15,Yüksek,0.128,0.578,0.67,0.32999999999999996,0,-0.084,-9666.6,-4761.16
346,Gıda,199964.1,10,Orta,0.093,0.748,0.34,0.6599999999999999,0,-0.054,-3671.34,-7126.72
347,Teknoloji,84644.28,9,Orta,0.106,0.677,0.41,0.5900000000000001,1,0.114,3956.27,5693.17
348,Enerji,179123.44,11,Orta,0.084,0.699,0.51,0.49,1,0.101,9226.65,8864.82
349,Gıda,511178.31,31,Düşük,0.063,0.879,0.53,0.47,1,0.075,20319.34,18019.04
350,Sağlık,74728.61,9,Yüksek,0.161,0.677,0.31,0.69,1,0.154,3567.54,7940.66
351,Gıda,158133.68,35,Orta,0.103,0.696,0.61,0.39,1,0.108,10417.85,6660.59
352,Gıda,285392.2,12,Orta,0.077,0.708,0.44,0.56,0,-0.185,-23230.93,-29566.63
353,Enerji,189247.25,12,Yüksek,0.164,0.511,0.46,0.54,1,0.178,15495.56,18190.45
354,İnşaat,229574.64,23,Yüksek,0.212,0.599,0.62,0.38,1,0.218,31029.31,19017.96
355,Gıda,49620.88,8,Orta,0.105,0.674,0.45,0.55,0,-0.117,-2612.54,-3193.1
356,Teknoloji,219503.77,6,Yüksek,0.061,0.686,0.32,0.6799999999999999,1,0.09,6321.71,13433.63
357,İnşaat,111207.81,29,Orta,0.125,0.823,0.37,0.63,0,-0.064,-2633.4,-4483.9
358,Sağlık,190030.27,30,Orta,0.086,0.765,0.68,0.31999999999999995,1,0.08,10337.65,4864.77
359,Enerji,160377.01,9,Orta,0.145,0.785,0.33,0.6699999999999999,1,0.17,8997.15,18266.94
360,Sağlık,508472.55,11,Orta,0.102,0.653,0.44,0.56,1,0.104,23267.7,29613.44
361,İnşaat,213917.92,14,Düşük,0.043,0.884,0.5,0.5,1,0.024,2567.02,2567.02
362,İnşaat,153843.03,27,Yüksek,0.088,0.639,0.5,0.5,1,0.101,7769.07,7769.07
363,İnşaat,76508.23,19,Yüksek,0.196,0.423,0.3,0.7,0,-0.053,-1216.48,-2838.46
364,Sağlık,172918.12,33,Düşük,0.071,0.878,0.5,0.5,1,0.109,9424.04,9424.04
365,İnşaat,245638.06,17,Yüksek,0.217,0.576,0.45,0.55,0,-0.086,-9506.19,-11618.68
366,Sağlık,156329.94,33,Düşük,0.06,0.876,0.69,0.31000000000000005,1,0.002,215.74,96.92
367,İnşaat,126395.58,30,Orta,0.099,0.837,0.36,0.64,1,0.103,4686.75,8332.0
368,Teknoloji,122235.73,25,Orta,0.092,0.676,0.44,0.56,0,-0.165,-8874.31,-11294.58
369,İnşaat,212685.69,29,Düşük,0.053,0.93,0.47,0.53,1,0.033,3298.76,3719.87
370,Sağlık,237921.0,30,Yüksek,0.138,0.552,0.46,0.54,0,-0.199,-21779.29,-25566.99
371,Gıda,321452.5,9,Yüksek,0.157,0.625,0.57,0.43000000000000005,0,-0.164,-30049.38,-22668.83
372,İnşaat,98962.87,26,Orta,0.083,0.712,0.39,0.61,0,-0.169,-6522.64,-10202.08
373,Gıda,211713.41,35,Düşük,0.043,0.901,0.39,0.61,1,0.044,3633.0,5682.39
374,Teknoloji,153146.16,29,Düşük,0.062,0.936,0.59,0.41000000000000003,1,0.062,5602.09,3892.98
375,Enerji,155419.45,17,Orta,0.083,0.743,0.5,0.5,1,0.102,7926.39,7926.39
376,Teknoloji,198970.71,15,Yüksek,0.053,0.508,0.47,0.53,0,-0.192,-17955.12,-20247.26
377,İnşaat,199551.6,35,Orta,0.111,0.757,0.37,0.63,1,0.118,8712.42,14834.67
378,Gıda,212009.01,27,Düşük,0.049,0.922,0.38,0.62,1,0.045,3625.35,5915.05
379,Gıda,95919.48,33,Orta,0.113,0.739,0.3,0.7,1,0.126,3625.76,8460.1
380,Sağlık,111870.17,12,Orta,0.113,0.838,0.34,0.6599999999999999,1,0.102,3879.66,7531.1
381,Gıda,342125.92,8,Orta,0.106,0.709,0.52,0.48,1,0.085,15121.97,13958.74
382,Sağlık,145759.57,28,Düşük,0.085,0.898,0.66,0.33999999999999997,1,0.121,11640.36,5996.55
383,Enerji,189663.59,33,Orta,0.097,0.801,0.41,0.5900000000000001,0,-0.082,-6376.49,-9175.92
384,İnşaat,275772.95,19,Orta,0.094,0.788,0.43,0.5700000000000001,0,-0.151,-17905.94,-23735.78
385,Sağlık,205196.13,29,Yüksek,0.171,0.659,0.35,0.65,1,0.178,12783.72,23741.19
386,Enerji,213899.45,15,Orta,0.099,0.849,0.46,0.54,1,0.109,10724.92,12590.12
387,Gıda,254559.24,21,Orta,0.123,0.735,0.31,0.69,1,0.159,12547.22,27927.69
388,Gıda,56481.48,21,Yüksek,0.112,0.433,0.67,0.32999999999999996,0,-0.186,-7038.72,-3466.83
389,Enerji,127392.09,27,Düşük,0.047,0.853,0.57,0.43000000000000005,0,-0.067,-4865.1,-3670.17
390,Gıda,205726.5,15,Yüksek,0.173,0.618,0.7,0.30000000000000004,0,-0.077,-11088.66,-4752.28
391,Enerji,325729.37,30,Orta,0.077,0.825,0.65,0.35,1,0.056,11856.55,6384.3
392,Sağlık,168223.34,18,Düşük,0.066,0.872,0.49,0.51,1,0.062,5110.63,5319.22
393,Sağlık,106685.63,11,Orta,0.107,0.682,0.51,0.49,0,-0.135,-7345.31,-7057.25
394,Enerji,108115.67,17,Orta,0.086,0.662,0.38,0.62,1,0.055,2259.62,3686.74
395,Sağlık,253198.89,14,Düşük,0.064,0.932,0.48,0.52,1,0.049,5955.24,6451.51
396,Sağlık,145963.7,18,Orta,0.075,0.712,0.66,0.33999999999999997,0,-0.075,-7225.2,-3722.07
397,Sağlık,162169.92,9,Orta,0.08,0.73,0.32,0.6799999999999999,1,0.101,5241.33,11137.83
398,Teknoloji,221353.24,29,Orta,0.095,0.751,0.65,0.35,1,0.063,9064.42,4880.84
399,İnşaat,38148.36,16,Düşük,0.061,0.934,0.44,0.56,1,0.037,621.06,790.43
400,Gıda,442494.7,25,Yüksek,0.141,0.595,0.66,0.33999999999999997,1,0.146,42638.79,21965.44
401,Teknoloji,112923.18,23,Yüksek,0.163,0.585,0.68,0.31999999999999995,0,-0.069,-5298.36,-2493.34
402,Sağlık,183683.27,31,Yüksek,0.162,0.453,0.57,0.43000000000000005,1,0.174,18217.71,13743.18
403,Enerji,69400.65,16,Orta,0.131,0.753,0.57,0.43000000000000005,1,0.138,5459.06,4118.23
404,Sağlık,131758.96,30,Düşük,0.059,0.922,0.48,0.52,1,0.056,3541.68,3836.82
405,İnşaat,303259.46,26,Orta,0.124,0.845,0.63,0.37,1,0.106,20251.67,11893.84
406,Sağlık,62437.19,9,Düşük,0.069,0.87,0.68,0.31999999999999995,1,0.101,4288.19,2017.97
407,Enerji,285815.0,23,Düşük,0.083,0.851,0.61,0.39,1,0.082,14296.47,9140.36
408,İnşaat,141938.9,6,Orta,0.097,0.665,0.55,0.44999999999999996,1,0.088,6869.84,5620.78
409,Sağlık,207644.39,32,Orta,0.092,0.725,0.54,0.45999999999999996,0,-0.184,-20631.55,-17575.02
410,İnşaat,226106.68,12,Orta,0.125,0.814,0.64,0.36,0,-0.121,-17509.7,-9849.21
411,Gıda,202949.15,11,Orta,0.108,0.651,0.52,0.48,0,-0.129,-13613.83,-12566.61
412,Gıda,105611.72,20,Orta,0.126,0.741,0.62,0.38,1,0.146,9559.97,5859.34
413,Sağlık,135635.37,23,Düşük,0.067,0.883,0.5,0.5,1,0.096,6510.5,6510.5
414,İnşaat,78371.99,29,Yüksek,0.087,0.416,0.32,0.6799999999999999,0,-0.148,-3711.7,-7887.36
415,Enerji,208125.84,16,Orta,0.108,0.74,0.45,0.55,1,0.126,11800.74,14423.12
416,Sağlık,381180.23,25,Orta,0.106,0.701,0.48,0.52,0,-0.195,-35678.47,-38651.67
417,Gıda,65367.44,29,Düşük,0.061,0.885,0.36,0.64,1,0.058,1364.87,2426.44
418,Gıda,111210.16,20,Orta,0.097,0.791,0.34,0.6599999999999999,0,-0.059,-2230.88,-4330.52
419,Sağlık,148614.7,21,Orta,0.068,0.754,0.51,0.49,0,-0.121,-9171.01,-8811.37
420,İnşaat,177490.21,12,Düşük,0.069,0.862,0.33,0.6699999999999999,1,0.091,5330.03,10821.58
421,Gıda,252606.48,26,Düşük,0.064,0.946,0.42,0.5800000000000001,1,0.082,8699.77,12013.96
422,İnşaat,150828.7,15,Orta,0.122,0.777,0.6,0.4,0,-0.131,-11855.14,-7903.42
423,Gıda,138971.01,31,Orta,0.069,0.803,0.69,0.31000000000000005,1,0.101,9684.89,4351.18
424,Gıda,282537.16,17,Düşük,0.065,0.858,0.59,0.41000000000000003,1,0.028,4667.51,3243.53
425,Teknoloji,226612.73,29,Yüksek,0.143,0.414,0.7,0.30000000000000004,0,-0.092,-14593.86,-6254.51
426,Gıda,213094.07,19,Düşük,0.061,0.852,0.58,0.42000000000000004,1,0.056,6921.3,5011.97
427,Enerji,172173.48,30,Orta,0.096,0.688,0.42,0.5800000000000001,0,-0.125,-9039.11,-12482.58
428,Sağlık,266086.34,10,Yüksek,0.166,0.524,0.57,0.43000000000000005,0,-0.074,-11223.52,-8466.87
429,Sağlık,117224.4,31,Orta,0.097,0.837,0.58,0.42000000000000004,1,0.071,4827.3,3495.63
430,İnşaat,109497.05,26,Orta,0.079,0.741,0.45,0.55,0,-0.138,-6799.77,-8310.83
431,Gıda,236345.62,23,Orta,0.102,0.708,0.31,0.69,0,-0.06,-4396.03,-9784.71
432,Enerji,72220.7,10,Düşük,0.058,0.906,0.58,0.42000000000000004,1,0.035,1466.08,1061.64
433,İnşaat,170431.67,8,Yüksek,0.147,0.434,0.31,0.69,1,0.152,8030.74,17874.87
434,Teknoloji,138929.35,28,Orta,0.036,0.772,0.55,0.44999999999999996,1,0.061,4661.08,3813.61
435,İnşaat,80589.42,31,Yüksek,0.17,0.571,0.37,0.63,0,-0.151,-4502.53,-7666.47
436,İnşaat,102167.22,10,Düşük,0.057,0.929,0.53,0.47,1,0.036,1949.35,1728.67
437,Gıda,154123.88,29,Düşük,0.047,0.949,0.5,0.5,1,0.067,5163.15,5163.15
438,Teknoloji,272933.0,22,Düşük,0.069,0.875,0.31,0.69,1,0.081,6853.35,15254.23
439,İnşaat,117421.0,24,Orta,0.113,0.752,0.45,0.55,1,0.112,5918.02,7233.13
440,Enerji,298549.4,24,Orta,0.093,0.832,0.54,0.45999999999999996,1,0.079,12736.12,10849.29
441,Enerji,167978.22,30,Yüksek,0.115,0.636,0.64,0.36,1,0.126,13545.76,7619.49
442,Sağlık,313386.44,26,Orta,0.104,0.747,0.66,0.33999999999999997,1,0.106,21924.52,11294.45
443,Teknoloji,120301.24,17,Yüksek,0.154,0.684,0.49,0.51,0,-0.104,-6130.55,-6380.78
444,Teknoloji,158830.87,30,Düşük,0.069,0.856,0.59,0.41000000000000003,1,0.055,5154.06,3581.64
445,Sağlık,195681.14,34,Yüksek,0.137,0.679,0.43,0.5700000000000001,1,0.154,12958.01,17176.89
446,İnşaat,148783.09,14,Orta,0.124,0.66,0.44,0.56,0,-0.105,-6873.78,-8748.45
447,Teknoloji,262108.04,6,Orta,0.089,0.759,0.38,0.62,0,-0.098,-9760.9,-15925.68
448,Enerji,53971.86,23,Yüksek,0.11,0.667,0.52,0.48,1,0.097,2722.34,2512.93
449,Enerji,546452.56,26,Orta,0.077,0.703,0.43,0.5700000000000001,1,0.081,19032.94,25229.71
450,Gıda,249917.79,9,Orta,0.099,0.744,0.33,0.6699999999999999,1,0.102,8412.23,17079.38
451,Teknoloji,149228.52,15,Düşük,0.059,0.882,0.57,0.43000000000000005,1,0.08,6804.82,5133.46
452,İnşaat,123480.58,30,Düşük,0.063,0.945,0.58,0.42000000000000004,1,0.054,3867.41,2800.54
453,Sağlık,105534.13,12,Yüksek,0.147,0.647,0.44,0.56,1,0.142,6593.77,8392.07
454,Sağlık,224764.34,27,Orta,0.12,0.792,0.33,0.6699999999999999,1,0.142,10532.46,21384.08
455,İnşaat,267664.83,28,Orta,0.095,0.768,0.47,0.53,1,0.052,6541.73,7376.84
456,Gıda,150051.96,6,Orta,0.06,0.814,0.48,0.52,1,0.066,4753.65,5149.78
457,Sağlık,283082.94,22,Düşük,0.059,0.889,0.57,0.43000000000000005,1,0.052,8390.58,6329.73
458,Teknoloji,103401.01,29,Düşük,0.04,0.895,0.43,0.5700000000000001,1,0.054,2400.97,3182.68
459,Gıda,94664.52,34,Orta,0.105,0.796,0.57,0.43000000000000005,1,0.116,6259.22,4721.87
460,Teknoloji,402991.44,34,Orta,0.121,0.722,0.65,0.35,1,0.107,28028.05,15092.03
461,Enerji,218721.46,7,Düşük,0.05,0.856,0.39,0.61,1,0.04,3412.05,5336.8
462,Gıda,327231.81,33,Orta,0.128,0.665,0.69,0.31000000000000005,1,0.082,18514.78,8318.23
463,Sağlık,106194.77,31,Düşük,0.068,0.862,0.45,0.55,1,0.083,3966.37,4847.79
464,Gıda,102563.49,16,Orta,0.124,0.824,0.41,0.5900000000000001,1,0.129,5424.58,7806.11
465,Gıda,136038.79,14,Düşük,0.062,0.897,0.47,0.53,1,0.09,5754.44,6489.05
466,Gıda,107793.28,12,Orta,0.08,0.793,0.34,0.6599999999999999,0,-0.09,-3298.47,-6402.92
467,Gıda,231580.45,27,Orta,0.116,0.729,0.35,0.65,0,-0.155,-12563.24,-23331.73
468,Teknoloji,111796.66,22,Orta,0.088,0.702,0.47,0.53,0,-0.05,-2627.22,-2962.61
469,Enerji,90595.98,22,Düşük,0.061,0.885,0.6,0.4,1,0.053,2880.95,1920.63
470,İnşaat,174731.83,7,Düşük,0.058,0.929,0.66,0.33999999999999997,0,-0.181,-20873.47,-10753.0
471,Gıda,85391.93,11,Orta,0.122,0.775,0.57,0.43000000000000005,1,0.068,3309.79,2496.86
472,Sağlık,66188.9,19,Orta,0.115,0.838,0.34,0.6599999999999999,1,0.113,2542.98,4936.37
473,Gıda,173968.34,11,Orta,0.098,0.786,0.57,0.43000000000000005,0,-0.079,-7833.79,-5909.7
474,Sağlık,67872.75,7,Düşük,0.04,0.907,0.55,0.44999999999999996,1,0.065,2426.45,1985.28
475,Teknoloji,239818.99,6,Orta,0.087,0.772,0.62,0.38,1,0.069,10259.46,6288.05
476,Sağlık,81010.43,15,Yüksek,0.171,0.683,0.63,0.37,1,0.16,8165.85,4795.82
477,İnşaat,53085.71,26,Orta,0.106,0.808,0.65,0.35,1,0.11,3795.63,2043.8
478,Enerji,140519.52,10,Düşük,0.045,0.852,0.47,0.53,1,0.012,792.53,893.7
479,Sağlık,174957.3,7,Orta,0.064,0.757,0.58,0.42000000000000004,1,0.07,7103.27,5143.74
480,Sağlık,208092.41,27,Düşük,0.062,0.919,0.41,0.5900000000000001,1,0.031,2644.85,3806.01
481,Enerji,177372.59,21,Düşük,0.049,0.925,0.7,0.30000000000000004,1,0.061,7573.81,3245.92
482,İnşaat,95831.21,30,Yüksek,0.121,0.464,0.37,0.63,0,-0.198,-7020.59,-11953.99
483,Gıda,232473.28,7,Düşük,0.067,0.937,0.3,0.7,1,0.045,3138.39,7322.91
484,Sağlık,263042.07,15,Orta,0.124,0.841,0.36,0.64,1,0.108,10227.08,18181.47
485,Enerji,89064.75,7,Orta,0.085,0.697,0.61,0.39,0,-0.092,-4998.31,-3195.64
486,Teknoloji,148671.87,21,Orta,0.099,0.827,0.48,0.52,1,0.105,7493.06,8117.48
487,Enerji,141886.11,21,Orta,0.099,0.669,0.48,0.52,0,-0.16,-10896.85,-11804.92
488,Teknoloji,181714.27,24,Düşük,0.058,0.856,0.68,0.31999999999999995,1,0.074,9143.86,4302.99
489,İnşaat,146904.52,34,Orta,0.101,0.676,0.67,0.32999999999999996,0,-0.188,-18504.09,-9113.96
490,Gıda,157323.76,12,Orta,0.115,0.662,0.42,0.5800000000000001,0,-0.187,-12356.21,-17063.33
491,Enerji,224337.7,27,Düşük,0.053,0.935,0.38,0.62,1,0.037,3154.19,5146.31
492,Sağlık,93253.18,17,Orta,0.069,0.662,0.64,0.36,1,0.082,4893.93,2752.83
493,İnşaat,235316.47,29,Düşük,0.077,0.877,0.66,0.33999999999999997,1,0.069,10716.31,5520.52
494,Enerji,287956.98,20,Düşük,0.071,0.86,0.52,0.48,1,0.08,11979.01,11057.55
495,Sağlık,368452.65,13,Orta,0.078,0.709,0.55,0.44999999999999996,1,0.095,19251.65,15751.35
496,Enerji,55732.37,11,Düşük,0.061,0.859,0.4,0.6,1,0.084,1872.61,2808.91
497,Teknoloji,148531.03,33,Orta,0.12,0.784,0.62,0.38,1,0.124,11419.07,6998.78
498,Enerji,60928.1,32,Orta,0.115,0.677,0.55,0.44999999999999996,0,-0.146,-4892.53,-4002.98
499,Enerji,48168.87,15,Yüksek,0.164,0.656,0.5,0.5,1,0.196,4720.55,4720.55
500,Enerji,174913.44,8,Düşük,0.058,0.932,0.32,0.6799999999999999,1,0.076,4253.89,9039.53
501,İnşaat,133308.88,24,Düşük,0.077,0.851,0.67,0.32999999999999996,1,0.046,4108.58,2023.63
502,Enerji,189080.0,22,Düşük,0.062,0.94,0.55,0.44999999999999996,1,0.081,8423.51,6891.97
503,Sağlık,207536.78,12,Orta,0.09,0.656,0.38,0.62,1,0.113,8911.63,14540.03
504,Teknoloji,303746.27,26,Orta,0.117,0.698,0.54,0.45999999999999996,1,0.148,24275.4,20679.05
505,Teknoloji,167202.38,25,Düşük,0.061,0.853,0.57,0.43000000000000005,1,0.063,6004.24,4529.51
506,Enerji,701992.37,31,Yüksek,0.16,0.501,0.51,0.49,1,0.154,55134.48,52972.34
507,İnşaat,189701.09,9,Düşük,0.062,0.901,0.59,0.41000000000000003,1,0.04,4476.95,3111.1
508,İnşaat,408905.57,19,Orta,0.11,0.809,0.53,0.47,1,0.09,19504.8,17296.71
509,Sağlık,50694.93,25,Orta,0.08,0.718,0.68,0.31999999999999995,1,0.08,2757.8,1297.79
510,Enerji,319614.15,27,Yüksek,0.106,0.612,0.32,0.6799999999999999,0,-0.113,-11557.25,-24559.15
511,Teknoloji,148690.13,20,Orta,0.129,0.688,0.34,0.6599999999999999,1,0.127,6420.44,12463.21
512,İnşaat,61440.61,29,Yüksek,0.157,0.625,0.37,0.63,1,0.157,3569.09,6077.09
513,Enerji,200841.75,13,Orta,0.115,0.697,0.58,0.42000000000000004,0,-0.071,-8270.66,-5989.1
514,İnşaat,139877.49,26,Yüksek,0.097,0.443,0.56,0.43999999999999995,0,-0.165,-12924.68,-10155.11
515,İnşaat,217515.77,20,Düşük,0.071,0.869,0.66,0.33999999999999997,1,0.063,9044.31,4659.19
516,Teknoloji,269827.52,27,Yüksek,0.134,0.455,0.59,0.41000000000000003,0,-0.1,-15919.82,-11062.93
517,Gıda,77298.12,25,Orta,0.084,0.753,0.5,0.5,1,0.098,3787.61,3787.61
518,Sağlık,270346.43,33,Yüksek,0.148,0.653,0.7,0.30000000000000004,0,-0.114,-21573.65,-9245.85
519,Sağlık,163282.93,19,Orta,0.08,0.666,0.41,0.5900000000000001,1,0.084,5623.46,8092.3
520,Teknoloji,320110.2,32,Orta,0.1,0.791,0.63,0.37,1,0.121,24402.0,14331.33
521,İnşaat,146888.03,34,Orta,0.097,0.781,0.47,0.53,1,0.111,7663.15,8641.42
522,Enerji,128642.89,14,Orta,0.121,0.825,0.56,0.43999999999999995,1,0.125,9005.0,7075.36
523,İnşaat,164971.34,13,Düşük,0.075,0.874,0.59,0.41000000000000003,1,0.1,9733.31,6763.82
524,Teknoloji,171258.66,31,Düşük,0.075,0.895,0.55,0.44999999999999996,1,0.096,9042.46,7398.37
525,Sağlık,116845.47,33,Düşük,0.037,0.943,0.36,0.64,1,0.031,1304.0,2318.21
526,İnşaat,126987.97,31,Düşük,0.051,0.916,0.48,0.52,1,0.056,3413.44,3697.89
527,Sağlık,88129.47,22,Yüksek,0.082,0.517,0.52,0.48,0,-0.104,-4766.04,-4399.42
528,Enerji,130963.96,7,Düşük,0.048,0.863,0.64,0.36,1,0.046,3855.58,2168.76
529,Sağlık,228240.47,30,Yüksek,0.131,0.479,0.48,0.52,1,0.151,16542.87,17921.44
530,Sağlık,151952.45,29,Orta,0.108,0.766,0.67,0.32999999999999996,1,0.103,10486.24,5164.86
531,Gıda,269556.33,35,Düşük,0.055,0.922,0.48,0.52,1,0.033,4269.77,4625.59
532,Gıda,148343.42,8,Orta,0.09,0.675,0.52,0.48,1,0.056,4319.76,3987.47
533,Gıda,79557.95,13,Orta,0.104,0.77,0.62,0.38,1,0.101,4981.92,3053.43
534,Sağlık,219396.84,17,Orta,0.066,0.76,0.53,0.47,1,0.045,5232.61,4640.24
535,Teknoloji,116213.98,6,Orta,0.083,0.753,0.68,0.31999999999999995,1,0.074,5847.89,2751.95
536,Sağlık,144830.06,15,Orta,0.09,0.788,0.56,0.43999999999999995,1,0.119,9651.48,7583.3
537,Teknoloji,302182.38,25,Düşük,0.058,0.934,0.51,0.49,1,0.057,8784.44,8439.95
538,Teknoloji,91086.49,8,Yüksek,0.152,0.497,0.31,0.69,1,0.137,3868.44,8610.41
539,Gıda,176728.85,11,Yüksek,0.195,0.667,0.47,0.53,1,0.201,16695.57,18826.92
540,İnşaat,159490.69,12,Orta,0.118,0.682,0.42,0.5800000000000001,1,0.157,10516.82,14523.22
541,Enerji,231066.97,25,Düşük,0.052,0.867,0.6,0.4,1,0.05,6932.01,4621.34
542,Gıda,249590.46,28,Orta,0.095,0.703,0.38,0.62,1,0.048,4552.53,7427.81
543,Gıda,185705.9,30,Düşük,0.057,0.862,0.38,0.62,1,0.07,4939.78,8059.64
544,İnşaat,135918.77,32,Düşük,0.055,0.873,0.38,0.62,1,0.062,3202.25,5224.72
545,Enerji,206217.4,23,Düşük,0.063,0.861,0.35,0.65,1,0.065,4691.45,8712.69
546,Sağlık,317371.39,16,Orta,0.063,0.814,0.42,0.5800000000000001,1,0.058,7731.17,10676.37
547,Sağlık,160549.09,24,Yüksek,0.176,0.442,0.65,0.35,0,-0.111,-11583.62,-6237.33
548,Gıda,142396.68,10,Orta,0.134,0.799,0.61,0.39,1,0.118,10249.71,6553.1
549,Enerji,197616.81,24,Orta,0.095,0.66,0.59,0.41000000000000003,1,0.072,8394.76,5833.65
550,Gıda,165937.01,16,Orta,0.094,0.84,0.62,0.38,1,0.099,10185.21,6242.55
551,Teknoloji,83378.46,29,Orta,0.103,0.792,0.41,0.5900000000000001,1,0.092,3145.04,4525.78
552,Gıda,183444.12,17,Orta,0.12,0.651,0.65,0.35,1,0.104,12400.82,6677.37
553,Gıda,83001.9,15,Yüksek,0.14,0.629,0.35,0.65,1,0.161,4677.16,8686.15
554,Sağlık,196268.78,13,Düşük,0.069,0.901,0.43,0.5700000000000001,1,0.08,6751.65,8949.86
555,Sağlık,109253.77,29,Yüksek,0.165,0.634,0.53,0.47,1,0.131,7585.49,6726.75
556,Sağlık,165783.4,33,Orta,0.147,0.754,0.34,0.6599999999999999,1,0.167,9413.18,18272.65
557,Teknoloji,197856.43,33,Orta,0.093,0.778,0.59,0.41000000000000003,1,0.104,12140.47,8436.6
558,Sağlık,555126.71,14,Orta,0.06,0.807,0.45,0.55,1,0.071,17736.3,21677.7
559,Enerji,235949.95,9,Orta,0.071,0.731,0.61,0.39,1,0.06,8635.77,5521.23
560,İnşaat,322029.81,10,Yüksek,0.15,0.401,0.5,0.5,0,-0.075,-12076.12,-12076.12
561,Enerji,414933.65,26,Yüksek,0.181,0.655,0.37,0.63,0,-0.199,-30551.56,-52020.23
562,Enerji,207861.64,13,Orta,0.087,0.726,0.59,0.41000000000000003,1,0.083,10178.98,7073.53
563,Sağlık,187745.93,28,Düşük,0.058,0.9,0.4,0.6,1,0.018,1351.77,2027.66
564,İnşaat,95476.88,14,Orta,0.114,0.652,0.5,0.5,1,0.131,6253.74,6253.74
565,İnşaat,153535.18,20,Yüksek,0.121,0.548,0.33,0.6699999999999999,0,-0.093,-4711.99,-9566.78
566,İnşaat,113374.99,20,Düşük,0.054,0.949,0.55,0.44999999999999996,1,0.07,4364.94,3571.31
567,Teknoloji,133181.82,21,Orta,0.077,0.706,0.57,0.43000000000000005,1,0.052,3947.51,2977.95
568,Sağlık,414708.73,19,Orta,0.124,0.729,0.45,0.55,0,-0.113,-21087.94,-25774.15
569,İnşaat,172354.86,13,Orta,0.131,0.787,0.68,0.31999999999999995,1,0.117,13712.55,6452.97
570,Teknoloji,105035.14,23,Düşük,0.044,0.931,0.65,0.35,1,0.063,4301.19,2316.02
571,Gıda,323601.06,15,Orta,0.097,0.733,0.58,0.42000000000000004,0,-0.062,-11636.69,-8426.57
572,Gıda,262403.25,33,Yüksek,0.192,0.493,0.59,0.41000000000000003,0,-0.123,-19042.6,-13233.0
573,Teknoloji,269366.11,25,Düşük,0.064,0.944,0.4,0.6,1,0.044,4740.84,7111.27
574,Teknoloji,59690.9,11,Düşük,0.055,0.918,0.56,0.43999999999999995,1,0.043,1437.36,1129.35
575,Sağlık,431203.53,17,Yüksek,0.104,0.436,0.38,0.62,0,-0.193,-31624.47,-51597.81
576,Sağlık,123098.81,7,Düşük,0.072,0.857,0.36,0.64,1,0.046,2038.52,3624.03
577,Gıda,240140.0,12,Yüksek,0.161,0.545,0.7,0.30000000000000004,0,-0.08,-13447.84,-5763.36
578,İnşaat,574870.4,21,Orta,0.071,0.694,0.55,0.44999999999999996,0,-0.092,-29088.44,-23799.63
579,Gıda,478143.59,8,Düşük,0.072,0.875,0.47,0.53,1,0.068,15281.47,17232.3
580,İnşaat,99829.49,18,Yüksek,0.102,0.663,0.42,0.5800000000000001,0,-0.2,-8385.68,-11580.22
581,İnşaat,79042.53,8,Orta,0.096,0.668,0.54,0.45999999999999996,1,0.078,3329.27,2836.05
582,Sağlık,332758.84,32,Orta,0.095,0.793,0.32,0.6799999999999999,0,-0.149,-15865.94,-33715.13
583,Enerji,174735.36,23,Orta,0.132,0.704,0.34,0.6599999999999999,1,0.108,6416.28,12455.14
584,Enerji,126697.71,16,Orta,0.095,0.802,0.31,0.69,1,0.076,2985.0,6644.03
585,Teknoloji,222039.21,13,Düşük,0.057,0.922,0.5,0.5,1,0.043,4773.84,4773.84
586,Sağlık,150025.45,11,Orta,0.073,0.651,0.54,0.45999999999999996,1,0.063,5103.87,4347.74
587,İnşaat,231113.0,6,Yüksek,0.131,0.553,0.32,0.6799999999999999,1,0.113,8357.05,17758.72
588,Enerji,168297.9,33,Düşük,0.052,0.864,0.59,0.41000000000000003,0,-0.066,-6553.52,-4554.14
589,İnşaat,233559.93,6,Orta,0.085,0.823,0.39,0.61,0,-0.053,-4827.68,-7550.99
590,Enerji,104061.12,28,Orta,0.1,0.824,0.57,0.43000000000000005,1,0.093,5516.28,4161.4
591,Enerji,331781.2,13,Orta,0.051,0.734,0.69,0.31000000000000005,0,-0.166,-38002.22,-17073.46
592,Enerji,230685.75,10,Düşük,0.045,0.894,0.58,0.42000000000000004,1,0.051,6823.68,4941.29
593,Sağlık,224840.98,33,Yüksek,0.147,0.491,0.65,0.35,0,-0.17,-24844.93,-13378.04
594,Gıda,93075.39,21,Orta,0.102,0.793,0.68,0.31999999999999995,1,0.064,4050.64,1906.18
595,İnşaat,380718.76,16,Düşük,0.058,0.886,0.49,0.51,0,-0.072,-13431.76,-13979.99
596,Sağlık,161642.43,10,Düşük,0.06,0.877,0.58,0.42000000000000004,1,0.067,6281.42,4548.62
597,Sağlık,234221.95,9,Düşük,0.056,0.893,0.64,0.36,1,0.069,10343.24,5818.07
598,Sağlık,138494.76,35,Orta,0.1,0.668,0.44,0.56,0,-0.148,-9018.78,-11478.45
599,Sağlık,185432.19,11,Orta,0.109,0.799,0.4,0.6,0,-0.051,-3782.82,-5674.22
600,Sağlık,188822.68,19,Yüksek,0.163,0.404,0.68,0.31999999999999995,0,-0.189,-24267.49,-11420.0
601,Teknoloji,39736.86,27,Orta,0.086,0.779,0.59,0.41000000000000003,1,0.116,2719.59,1889.89
602,İnşaat,217776.39,24,Düşük,0.069,0.868,0.39,0.61,1,0.065,5520.63,8634.83
603,Sağlık,434812.74,14,Orta,0.103,0.696,0.48,0.52,1,0.091,18992.62,20575.34
604,İnşaat,213179.57,17,Orta,0.125,0.777,0.62,0.38,1,0.158,20883.07,12799.3
605,Teknoloji,100825.43,16,Düşük,0.074,0.949,0.52,0.48,1,0.074,3879.76,3581.32
606,Teknoloji,225253.29,19,Düşük,0.046,0.928,0.56,0.43999999999999995,1,0.047,5928.67,4658.24
607,İnşaat,276437.56,28,Düşük,0.051,0.873,0.6,0.4,1,0.053,8790.71,5860.48
608,Enerji,210287.99,21,Orta,0.116,0.685,0.55,0.44999999999999996,1,0.162,18736.66,15329.99
609,Gıda,156832.94,6,Orta,0.067,0.823,0.52,0.48,1,0.062,5056.29,4667.35
610,Enerji,144195.51,18,Orta,0.128,0.739,0.6,0.4,1,0.128,11074.22,7382.81
611,Enerji,143895.86,28,Yüksek,0.14,0.441,0.59,0.41000000000000003,1,0.123,10442.52,7256.67
612,Enerji,230703.46,26,Yüksek,0.167,0.659,0.55,0.44999999999999996,1,0.159,20175.02,16506.83
613,Sağlık,80534.26,26,Orta,0.098,0.813,0.44,0.56,1,0.077,2728.5,3472.64
614,Teknoloji,135139.58,35,Yüksek,0.108,0.695,0.46,0.54,1,0.092,5719.11,6713.73
615,Enerji,361423.22,18,Düşük,0.071,0.941,0.69,0.31000000000000005,1,0.034,8478.99,3809.4
616,Teknoloji,368463.76,7,Düşük,0.088,0.935,0.34,0.6599999999999999,1,0.105,13154.16,25534.54
617,İnşaat,77724.55,9,Düşük,0.055,0.855,0.41,0.5900000000000001,0,-0.109,-3473.51,-4998.47
618,Gıda,92437.98,33,Düşük,0.057,0.86,0.5,0.5,1,0.06,2773.14,2773.14
619,İnşaat,142157.33,11,Orta,0.047,0.764,0.63,0.37,0,-0.197,-17643.15,-10361.85
620,İnşaat,254306.31,31,Yüksek,0.191,0.559,0.37,0.63,0,-0.164,-15431.31,-26274.93
621,Sağlık,65268.37,32,Düşük,0.069,0.896,0.41,0.5900000000000001,0,-0.127,-3398.52,-4890.56
622,Gıda,158355.17,28,Düşük,0.043,0.89,0.33,0.6699999999999999,1,0.027,1410.94,2864.64
623,İnşaat,128400.61,32,Orta,0.059,0.736,0.58,0.42000000000000004,1,0.064,4766.23,3451.41
624,İnşaat,315837.25,10,Yüksek,0.092,0.571,0.4,0.6,1,0.097,12254.49,18381.73
625,Gıda,70371.65,30,Orta,0.113,0.65,0.46,0.54,1,0.136,4402.45,5168.09
626,Gıda,170462.45,8,Orta,0.115,0.702,0.48,0.52,1,0.124,10145.92,10991.42
627,İnşaat,133678.81,6,Düşük,0.051,0.902,0.66,0.33999999999999997,1,0.061,5381.91,2772.5
628,Gıda,339388.06,9,Düşük,0.065,0.922,0.46,0.54,1,0.04,6244.74,7330.78
629,İnşaat,219438.29,30,Yüksek,0.155,0.452,0.36,0.64,0,-0.115,-9084.75,-16150.66
630,İnşaat,121429.87,25,Yüksek,0.139,0.564,0.51,0.49,0,-0.12,-7431.51,-7140.08
631,Sağlık,249370.05,7,Düşük,0.07,0.921,0.69,0.31000000000000005,1,0.054,9291.53,4174.45
632,Enerji,133998.73,31,Yüksek,0.114,0.533,0.54,0.45999999999999996,1,0.122,8827.84,7520.01
633,İnşaat,268247.37,35,Orta,0.123,0.655,0.69,0.31000000000000005,0,-0.131,-24246.88,-10893.53
634,Teknoloji,144561.67,35,Yüksek,0.128,0.535,0.64,0.36,1,0.123,11379.89,6401.19
635,Enerji,275772.99,10,Orta,0.136,0.709,0.31,0.69,0,-0.197,-16841.46,-37485.82
636,Enerji,202408.05,8,Orta,0.08,0.836,0.56,0.43999999999999995,1,0.085,9634.62,7570.06
637,Enerji,830884.06,34,Orta,0.093,0.675,0.41,0.5900000000000001,0,-0.192,-65407.19,-94122.55
638,Sağlık,158506.68,33,Orta,0.101,0.78,0.52,0.48,1,0.128,10550.2,9738.65
639,İnşaat,197093.03,34,Düşük,0.061,0.855,0.41,0.5900000000000001,0,-0.126,-10181.83,-14651.9
640,Sağlık,128064.28,14,Düşük,0.065,0.895,0.44,0.56,1,0.059,3324.55,4231.24
641,İnşaat,162973.46,25,Orta,0.074,0.761,0.67,0.32999999999999996,1,0.091,9936.49,4894.09
642,Sağlık,42153.9,11,Orta,0.099,0.71,0.38,0.62,1,0.074,1185.37,1934.02
643,Sağlık,205415.91,23,Düşük,0.061,0.896,0.65,0.35,1,0.025,3338.01,1797.39
644,Teknoloji,318518.9,11,Orta,0.089,0.683,0.31,0.69,0,-0.132,-13033.79,-29010.7
645,Sağlık,198454.47,24,Yüksek,0.162,0.491,0.34,0.6599999999999999,0,-0.133,-8974.11,-17420.33
646,Gıda,84378.61,33,Düşük,0.047,0.912,0.64,0.36,1,0.008,432.02,243.01
647,Teknoloji,109000.36,17,Orta,0.093,0.71,0.55,0.44999999999999996,1,0.093,5575.37,4561.66
648,Sağlık,48286.34,30,Orta,0.085,0.83,0.6,0.4,1,0.088,2549.52,1699.68
649,Enerji,265524.4,16,Yüksek,0.14,0.589,0.38,0.62,0,-0.111,-11199.82,-18273.39
650,Gıda,98394.81,7,Düşük,0.074,0.894,0.51,0.49,1,0.089,4466.14,4291.0
651,Gıda,160435.25,20,Orta,0.129,0.658,0.59,0.41000000000000003,1,0.154,14577.15,10129.88
652,Gıda,150712.78,17,Yüksek,0.188,0.55,0.55,0.44999999999999996,0,-0.194,-16081.05,-13157.23
653,Teknoloji,342444.03,17,Yüksek,0.136,0.629,0.49,0.51,0,-0.125,-20974.7,-21830.81
654,Sağlık,169844.85,14,Orta,0.118,0.703,0.68,0.31999999999999995,0,-0.067,-7738.13,-3641.47
655,Sağlık,243883.63,26,Orta,0.102,0.811,0.57,0.43000000000000005,0,-0.116,-16125.59,-12164.92
656,Enerji,213893.15,29,Orta,0.101,0.7,0.66,0.33999999999999997,0,-0.122,-17222.68,-8872.29
657,Enerji,321163.53,7,Yüksek,0.148,0.647,0.59,0.41000000000000003,0,-0.185,-35055.0,-24360.25
658,Gıda,144413.81,27,Orta,0.135,0.667,0.59,0.41000000000000003,1,0.149,12695.42,8822.24
659,Enerji,414491.47,8,Düşük,0.074,0.937,0.33,0.6699999999999999,1,0.084,11489.7,23327.58
660,Teknoloji,60304.92,17,Yüksek,0.172,0.55,0.44,0.56,1,0.17,4510.81,5741.03
661,Sağlık,249880.17,33,Orta,0.097,0.709,0.64,0.36,1,0.106,16951.87,9535.43
662,Gıda,105523.63,35,Orta,0.101,0.703,0.39,0.61,1,0.101,4156.58,6501.31
663,Enerji,127213.9,31,Düşük,0.065,0.893,0.35,0.65,1,0.063,2805.07,5209.41
664,Teknoloji,216361.77,21,Orta,0.09,0.85,0.43,0.5700000000000001,1,0.09,8373.2,11099.36
665,Teknoloji,215496.73,26,Orta,0.119,0.694,0.39,0.61,1,0.178,14959.78,23398.64
666,Enerji,220403.23,33,Orta,0.082,0.671,0.67,0.32999999999999996,1,0.098,14471.68,7127.84
667,Sağlık,81382.95,29,Düşük,0.064,0.909,0.65,0.35,1,0.116,6136.27,3304.15
668,Enerji,335881.98,31,Orta,0.054,0.748,0.5,0.5,1,0.054,9068.81,9068.81
669,Gıda,103743.46,35,Yüksek,0.133,0.557,0.32,0.6799999999999999,0,-0.072,-2390.25,-5079.28
670,Enerji,110896.93,6,Düşük,0.081,0.917,0.59,0.41000000000000003,1,0.097,6346.63,4410.37
671,Teknoloji,223898.56,26,Yüksek,0.181,0.48,0.55,0.44999999999999996,1,0.177,21796.52,17833.52
672,Enerji,141017.52,8,Orta,0.131,0.832,0.69,0.31000000000000005,0,-0.2,-19460.42,-8743.09
673,Sağlık,189876.74,25,Yüksek,0.13,0.531,0.52,0.48,0,-0.198,-19549.71,-18045.89
674,İnşaat,55364.82,7,Orta,0.102,0.676,0.43,0.5700000000000001,1,0.097,2309.27,3061.12
675,Enerji,187617.81,14,Orta,0.126,0.798,0.51,0.49,1,0.144,13778.65,13238.31
676,Sağlık,181482.76,24,Orta,0.113,0.779,0.69,0.31000000000000005,0,-0.153,-19159.13,-8607.73
677,Sağlık,126130.29,20,Yüksek,0.165,0.495,0.58,0.42000000000000004,1,0.201,14704.27,10647.92
678,Teknoloji,57697.09,23,Orta,0.133,0.774,0.57,0.43000000000000005,1,0.112,3683.38,2778.69
679,Sağlık,146326.52,31,Orta,0.079,0.694,0.4,0.6,0,-0.096,-5618.94,-8428.41
680,Sağlık,159741.64,16,Orta,0.096,0.739,0.6,0.4,1,0.107,10255.41,6836.94
681,Sağlık,135453.75,30,Yüksek,0.097,0.67,0.6,0.4,1,0.146,11865.75,7910.5
682,Sağlık,64985.07,28,Orta,0.078,0.677,0.43,0.5700000000000001,1,0.056,1564.84,2074.32
683,Gıda,361264.99,21,Orta,0.121,0.727,0.49,0.51,1,0.075,13276.49,13818.39
684,Gıda,118251.53,27,Orta,0.082,0.814,0.42,0.5800000000000001,0,-0.102,-5065.9,-6995.76
685,Teknoloji,145640.67,22,Yüksek,0.172,0.691,0.4,0.6,1,0.197,11476.48,17214.73
686,Enerji,48789.13,10,Düşük,0.077,0.895,0.31,0.69,1,0.088,1330.97,2962.48
687,Sağlık,361286.91,17,Orta,0.096,0.751,0.41,0.5900000000000001,1,0.122,18071.57,26005.43
688,Enerji,128891.34,16,Düşük,0.065,0.907,0.52,0.48,1,0.08,5361.88,4949.43
689,Enerji,170967.95,35,Orta,0.115,0.836,0.3,0.7,1,0.093,4770.01,11130.01
690,Teknoloji,285035.42,20,Orta,0.076,0.822,0.41,0.5900000000000001,1,0.089,10400.94,14967.21
691,Sağlık,116058.3,32,Orta,0.088,0.684,0.65,0.35,0,-0.146,-11013.93,-5930.58
692,Sağlık,263450.95,8,Orta,0.08,0.737,0.54,0.45999999999999996,1,0.116,16502.57,14057.74
693,İnşaat,58066.1,6,Orta,0.089,0.743,0.54,0.45999999999999996,1,0.09,2822.01,2403.94
694,Enerji,214377.41,25,Orta,0.114,0.808,0.46,0.54,1,0.125,12326.7,14470.48
695,Enerji,357224.99,34,Düşük,0.054,0.91,0.57,0.43000000000000005,1,0.068,13846.04,10445.26
696,Gıda,121758.1,21,Orta,0.099,0.781,0.38,0.62,1,0.122,5644.71,9209.78
697,İnşaat,284771.05,7,Düşük,0.05,0.95,0.63,0.37,1,0.071,12737.81,7480.94
698,Gıda,407159.93,7,Düşük,0.072,0.857,0.35,0.65,1,0.075,10687.95,19849.05
699,Gıda,143283.3,8,Orta,0.089,0.695,0.56,0.43999999999999995,1,0.09,7221.48,5674.02
700,Gıda,137480.29,13,Orta,0.13,0.732,0.44,0.56,0,-0.175,-10585.98,-13473.07
701,Teknoloji,103865.61,29,Orta,0.101,0.72,0.6,0.4,1,0.131,8163.84,5442.56
702,Teknoloji,126138.39,33,Orta,0.072,0.654,0.52,0.48,0,-0.082,-5378.54,-4964.81
703,Gıda,108263.14,20,Orta,0.097,0.668,0.48,0.52,1,0.119,6183.99,6699.32
704,İnşaat,103823.17,12,Yüksek,0.118,0.604,0.37,0.63,0,-0.149,-5723.77,-9745.88
705,Enerji,296385.91,11,Orta,0.112,0.826,0.55,0.44999999999999996,1,0.089,14508.09,11870.26
706,İnşaat,109648.71,14,Orta,0.095,0.753,0.69,0.31000000000000005,1,0.09,6809.18,3059.2
707,Sağlık,185212.85,25,Düşük,0.062,0.904,0.63,0.37,1,0.063,7351.1,4317.31
708,Teknoloji,165896.06,33,Orta,0.093,0.701,0.32,0.6799999999999999,0,-0.197,-10458.09,-22223.44
709,Enerji,344223.79,6,Orta,0.089,0.804,0.45,0.55,1,0.117,18123.38,22150.8
710,Enerji,126553.68,13,Orta,0.081,0.8,0.67,0.32999999999999996,1,0.077,6528.9,3215.73
711,Sağlık,196924.17,28,Orta,0.117,0.768,0.5,0.5,1,0.081,7975.43,7975.43
712,Sağlık,241719.89,28,Orta,0.097,0.693,0.56,0.43999999999999995,1,0.076,10287.6,8083.11
713,Gıda,342790.52,8,Orta,0.094,0.669,0.67,0.32999999999999996,0,-0.114,-26182.34,-12895.78
714,Teknoloji,125633.39,9,Orta,0.096,0.663,0.65,0.35,0,-0.093,-7594.54,-4089.37
715,Teknoloji,119497.86,31,Yüksek,0.13,0.578,0.5,0.5,0,-0.074,-4421.42,-4421.42
716,İnşaat,95713.01,30,Orta,0.094,0.815,0.48,0.52,1,0.091,4180.74,4529.14
717,Gıda,497897.65,20,Yüksek,0.156,0.657,0.44,0.56,1,0.137,30013.27,38198.71
718,Gıda,325213.19,11,Düşük,0.05,0.896,0.59,0.41000000000000003,1,0.034,6523.78,4533.47
719,Gıda,159356.53,20,Düşük,0.051,0.928,0.41,0.5900000000000001,1,0.078,5096.22,7333.59
720,Gıda,427504.28,26,Düşük,0.074,0.945,0.4,0.6,1,0.086,14706.15,22059.22
721,Teknoloji,154672.97,8,Orta,0.093,0.705,0.44,0.56,1,0.108,7350.06,9354.62
722,Teknoloji,233796.24,30,Yüksek,0.133,0.519,0.37,0.63,0,-0.156,-13494.72,-22977.49
723,Gıda,163584.66,26,Düşük,0.047,0.943,0.58,0.42000000000000004,1,0.046,4364.44,3160.46
724,İnşaat,198571.14,26,Yüksek,0.176,0.501,0.55,0.44999999999999996,0,-0.162,-17692.69,-14475.84
725,Enerji,188316.76,19,Düşük,0.049,0.941,0.49,0.51,0,-0.08,-7382.02,-7683.32
726,Enerji,131598.03,25,Yüksek,0.15,0.694,0.46,0.54,0,-0.167,-10109.36,-11867.51
727,İnşaat,281039.15,19,Orta,0.066,0.782,0.66,0.33999999999999997,0,-0.175,-32460.02,-16721.83
728,Gıda,232809.59,9,Düşük,0.068,0.932,0.31,0.69,1,0.044,3175.52,7068.1
729,Teknoloji,272078.88,17,Orta,0.124,0.8,0.61,0.39,1,0.112,18588.43,11884.41
730,Enerji,191016.21,22,Düşük,0.065,0.92,0.66,0.33999999999999997,1,0.094,11850.65,6104.88
731,Sağlık,103436.69,12,Düşük,0.045,0.881,0.48,0.52,1,0.031,1539.14,1667.4
732,Sağlık,382579.99,14,Orta,0.117,0.661,0.52,0.48,1,0.148,29443.36,27178.48
733,İnşaat,142731.69,8,Yüksek,0.125,0.503,0.68,0.31999999999999995,0,-0.067,-6502.86,-3060.17
734,Gıda,195249.5,33,Orta,0.077,0.783,0.38,0.62,1,0.066,4896.86,7989.61
735,Enerji,223617.14,18,Orta,0.092,0.671,0.51,0.49,0,-0.171,-19501.65,-18736.88
736,Gıda,194601.83,20,Orta,0.092,0.652,0.49,0.51,0,-0.088,-8391.23,-8733.73
737,Enerji,257225.53,23,Orta,0.09,0.678,0.4,0.6,0,-0.087,-8951.45,-13427.17
738,İnşaat,278365.13,24,Düşük,0.073,0.922,0.63,0.37,1,0.059,10346.83,6076.71
739,İnşaat,145449.36,6,Orta,0.14,0.845,0.66,0.33999999999999997,0,-0.054,-5183.82,-2670.45
740,Sağlık,366859.3,11,Düşük,0.046,0.948,0.61,0.39,1,0.049,10965.42,7010.68
741,Gıda,142421.78,32,Düşük,0.053,0.899,0.38,0.62,1,0.058,3138.98,5121.49
742,Sağlık,192600.72,32,Orta,0.103,0.824,0.33,0.6699999999999999,1,0.069,4385.52,8903.93
743,Gıda,134075.84,28,Düşük,0.056,0.924,0.54,0.45999999999999996,1,0.045,3258.04,2775.37
744,Sağlık,116222.67,32,Orta,0.108,0.75,0.32,0.6799999999999999,0,-0.13,-4834.86,-10274.08
745,Teknoloji,274332.33,32,Orta,0.118,0.765,0.57,0.43000000000000005,1,0.118,18451.59,13919.62
746,Teknoloji,775255.9,7,Düşük,0.067,0.864,0.51,0.49,1,0.048,18978.26,18234.02
747,Teknoloji,135824.66,29,Orta,0.112,0.838,0.57,0.43000000000000005,1,0.138,10683.97,8059.84
748,Teknoloji,298839.16,19,Düşük,0.077,0.885,0.54,0.45999999999999996,1,0.07,11296.12,9622.62
749,Enerji,138281.17,11,Yüksek,0.102,0.534,0.47,0.53,0,-0.166,-10788.7,-12165.98
750,Teknoloji,161903.78,19,Orta,0.13,0.784,0.38,0.62,0,-0.103,-6336.91,-10339.18
751,İnşaat,391911.72,9,Yüksek,0.138,0.5,0.42,0.5800000000000001,1,0.126,20739.97,28640.91
752,İnşaat,95152.14,26,Orta,0.116,0.701,0.51,0.49,1,0.104,5046.87,4848.95
753,Enerji,83359.72,13,Düşük,0.05,0.913,0.56,0.43999999999999995,1,0.07,3267.7,2567.48
754,Teknoloji,155811.26,35,Orta,0.082,0.655,0.61,0.39,0,-0.075,-7128.37,-4557.48
755,Teknoloji,226800.94,8,Yüksek,0.17,0.616,0.61,0.39,1,0.138,19092.1,12206.43
756,Teknoloji,205219.06,24,Orta,0.061,0.753,0.69,0.31000000000000005,1,0.018,2548.82,1145.12
757,Sağlık,194919.04,35,Yüksek,0.18,0.582,0.41,0.5900000000000001,1,0.178,14225.19,20470.4
758,Gıda,165556.2,19,Yüksek,0.188,0.59,0.33,0.6699999999999999,1,0.186,10161.84,20631.61
759,Sağlık,241173.05,32,Düşük,0.062,0.903,0.44,0.56,1,0.067,7109.78,9048.81
760,Gıda,37917.34,25,Düşük,0.061,0.908,0.6,0.4,1,0.06,1365.02,910.02
761,Teknoloji,111814.59,22,Orta,0.083,0.787,0.48,0.52,1,0.13,6977.23,7558.67
762,Teknoloji,155312.39,30,Orta,0.113,0.801,0.63,0.37,1,0.117,11448.08,6723.47
763,Sağlık,231484.32,13,Yüksek,0.16,0.618,0.52,0.48,1,0.133,16009.46,14777.96
764,Sağlık,342793.18,29,Yüksek,0.122,0.661,0.67,0.32999999999999996,0,-0.053,-12172.59,-5995.45
765,Gıda,104553.08,19,Orta,0.092,0.688,0.68,0.31999999999999995,0,-0.125,-8887.01,-4182.12
766,İnşaat,337236.35,31,Düşük,0.058,0.89,0.33,0.6699999999999999,1,0.036,4006.37,8134.14
767,Gıda,129795.99,11,Orta,0.092,0.84,0.48,0.52,0,-0.123,-7663.16,-8301.75
768,Sağlık,152519.1,28,Düşük,0.046,0.89,0.54,0.45999999999999996,1,0.056,4612.18,3928.89
769,Sağlık,217665.83,27,Yüksek,0.171,0.437,0.4,0.6,1,0.159,13843.55,20765.32
770,Enerji,147028.53,21,Orta,0.095,0.755,0.46,0.54,1,0.053,3584.56,4207.96
771,Sağlık,283525.91,30,Orta,0.1,0.672,0.57,0.43000000000000005,0,-0.072,-11635.9,-8777.96
772,Enerji,132945.95,24,Düşük,0.054,0.87,0.39,0.61,0,-0.133,-6895.91,-10785.9
773,İnşaat,133951.42,19,Orta,0.11,0.85,0.54,0.45999999999999996,1,0.108,7812.05,6654.71
774,Gıda,275402.78,24,Orta,0.104,0.758,0.58,0.42000000000000004,1,0.087,13896.82,10063.22
775,Gıda,111127.98,8,Orta,0.124,0.707,0.34,0.6599999999999999,1,0.144,5440.83,10561.6
776,Enerji,184326.62,15,Düşük,0.065,0.949,0.5,0.5,1,0.067,6174.94,6174.94
777,Gıda,70951.99,24,Orta,0.096,0.843,0.41,0.5900000000000001,1,0.066,1919.96,2762.87
778,Sağlık,404262.49,14,Yüksek,0.128,0.532,0.59,0.41000000000000003,1,0.137,32676.54,22707.42
779,Teknoloji,297531.67,33,Düşük,0.069,0.876,0.38,0.62,1,0.05,5653.1,9223.48
780,Enerji,643742.19,25,Düşük,0.057,0.934,0.66,0.33999999999999997,1,0.042,17844.53,9192.64
781,Gıda,317801.38,18,Düşük,0.058,0.922,0.47,0.53,1,0.062,9260.73,10442.95
782,Enerji,92519.52,12,Orta,0.097,0.787,0.38,0.62,1,0.099,3480.58,5678.85
783,Enerji,227367.95,19,Orta,0.092,0.829,0.48,0.52,0,-0.094,-10258.84,-11113.75
784,Teknoloji,102846.78,14,Orta,0.097,0.788,0.46,0.54,1,0.089,4210.55,4942.82
785,Sağlık,358261.61,32,Düşük,0.079,0.878,0.47,0.53,1,0.083,13975.79,15759.93
786,Enerji,93847.82,33,Orta,0.079,0.789,0.53,0.47,0,-0.097,-4824.72,-4278.52
787,Gıda,91621.62,28,Orta,0.084,0.711,0.51,0.49,1,0.078,3644.71,3501.78
788,İnşaat,72772.56,30,Orta,0.128,0.802,0.36,0.64,1,0.096,2515.02,4471.15
789,Enerji,127492.15,33,Yüksek,0.139,0.586,0.33,0.6699999999999999,0,-0.144,-6058.43,-12300.44
790,Enerji,115296.35,24,Düşük,0.055,0.858,0.59,0.41000000000000003,1,0.051,3469.27,2410.85
791,Teknoloji,86610.42,20,Orta,0.121,0.753,0.52,0.48,0,-0.095,-4278.55,-3949.44
792,Sağlık,440164.83,25,Orta,0.072,0.719,0.44,0.56,0,-0.195,-37766.14,-48066.0
793,İnşaat,212126.98,19,Orta,0.116,0.716,0.62,0.38,0,-0.155,-20385.4,-12494.28
794,Gıda,200008.93,29,Orta,0.101,0.77,0.46,0.54,1,0.096,8832.39,10368.46
795,İnşaat,360260.34,11,Orta,0.109,0.714,0.62,0.38,1,0.088,19655.8,12047.11
796,Gıda,185003.29,26,Yüksek,0.163,0.633,0.42,0.5800000000000001,0,-0.108,-8391.75,-11588.61
797,Sağlık,111933.46,34,Düşük,0.054,0.857,0.33,0.6699999999999999,1,0.078,2881.17,5849.64
798,Gıda,69556.53,9,Düşük,0.071,0.916,0.67,0.32999999999999996,1,0.073,3402.01,1675.62
799,Teknoloji,108822.27,13,Orta,0.089,0.812,0.46,0.54,0,-0.138,-6908.04,-8109.44
800,Teknoloji,345486.14,22,Orta,0.108,0.785,0.62,0.38,1,0.112,23990.56,14703.89
801,Teknoloji,86884.24,35,Düşük,0.072,0.9,0.41,0.5900000000000001,1,0.062,2208.6,3178.23
802,Teknoloji,194184.42,14,Düşük,0.074,0.945,0.56,0.43999999999999995,1,0.049,5328.42,4186.62
803,İnşaat,272927.8,6,Düşük,0.057,0.88,0.65,0.35,1,0.079,14014.84,7546.45
804,Sağlık,187713.55,29,Yüksek,0.164,0.406,0.32,0.6799999999999999,0,-0.094,-5646.42,-11998.65
805,Gıda,198688.13,25,Düşük,0.056,0.893,0.63,0.37,0,-0.17,-21279.5,-12497.48
806,Gıda,225889.67,30,Orta,0.15,0.657,0.53,0.47,1,0.138,16521.57,14651.2
807,Teknoloji,196740.41,19,Düşük,0.068,0.945,0.54,0.45999999999999996,1,0.092,9774.06,8326.05
808,Teknoloji,363864.6,16,Orta,0.102,0.692,0.51,0.49,1,0.112,20783.95,19968.89
809,Enerji,96746.95,26,Düşük,0.063,0.929,0.65,0.35,1,0.027,1697.91,914.26
810,Sağlık,183544.5,8,Orta,0.108,0.805,0.32,0.6799999999999999,1,0.104,6108.36,12980.27
811,İnşaat,65570.41,14,Düşük,0.064,0.872,0.4,0.6,0,-0.127,-3330.98,-4996.47
812,Gıda,57706.6,32,Yüksek,0.143,0.586,0.65,0.35,1,0.138,5176.28,2787.23
813,Enerji,156242.49,19,Düşük,0.056,0.855,0.6,0.4,1,0.057,5343.49,3562.33
814,Enerji,213563.56,35,Orta,0.097,0.747,0.31,0.69,1,0.083,5494.99,12230.79
815,Gıda,367814.45,14,Yüksek,0.116,0.404,0.51,0.49,0,-0.124,-23260.59,-22348.41
816,İnşaat,545738.86,9,Orta,0.114,0.834,0.51,0.49,1,0.117,32564.24,31287.21
817,Enerji,314874.79,32,Orta,0.084,0.845,0.46,0.54,1,0.084,12166.76,14282.72
818,Enerji,234118.55,9,Orta,0.079,0.694,0.42,0.5800000000000001,1,0.116,11406.26,15751.5
819,Sağlık,176307.06,33,Orta,0.1,0.692,0.57,0.43000000000000005,1,0.072,7235.64,5458.47
820,İnşaat,75688.84,13,Orta,0.097,0.801,0.38,0.62,1,0.095,2732.37,4458.07
821,Enerji,151294.22,7,Yüksek,0.157,0.476,0.62,0.38,0,-0.086,-8067.01,-4944.3
822,İnşaat,310266.96,14,Orta,0.089,0.829,0.62,0.38,1,0.07,13465.59,8253.1
823,Gıda,255031.14,34,Orta,0.092,0.765,0.47,0.53,1,0.101,12106.33,13651.82
824,Teknoloji,85548.0,19,Orta,0.114,0.72,0.41,0.5900000000000001,0,-0.174,-6102.99,-8782.36
825,Enerji,221242.09,27,Orta,0.113,0.817,0.41,0.5900000000000001,1,0.124,11247.95,16186.07
826,Sağlık,211969.23,14,Düşük,0.066,0.899,0.49,0.51,1,0.082,8516.92,8864.55
827,Gıda,193870.38,29,Orta,0.101,0.832,0.59,0.41000000000000003,1,0.111,12696.57,8823.04
828,İnşaat,160503.69,28,Yüksek,0.155,0.678,0.44,0.56,0,-0.08,-5649.73,-7190.57
829,Gıda,227019.68,21,Düşük,0.062,0.867,0.54,0.45999999999999996,0,-0.118,-14465.69,-12322.63
830,Enerji,230649.96,34,Orta,0.087,0.65,0.45,0.55,1,0.107,11105.8,13573.75
831,İnşaat,118098.06,35,Düşük,0.075,0.948,0.42,0.5800000000000001,1,0.103,5108.92,7055.18
832,Teknoloji,204333.15,22,Orta,0.127,0.831,0.31,0.69,1,0.108,6841.07,15226.91
833,Gıda,148049.57,21,Düşük,0.068,0.856,0.3,0.7,1,0.083,3686.43,8601.68
834,Enerji,77372.22,35,Orta,0.091,0.817,0.39,0.61,1,0.068,2051.91,3209.4
835,Sağlık,122908.63,17,Orta,0.111,0.742,0.46,0.54,1,0.115,6501.87,7632.63
836,İnşaat,74470.26,8,Orta,0.12,0.702,0.64,0.36,0,-0.169,-8054.7,-4530.77
837,Gıda,265679.71,16,Orta,0.076,0.826,0.62,0.38,1,0.034,5600.53,3432.58
838,Gıda,194452.79,19,Orta,0.134,0.689,0.41,0.5900000000000001,1,0.147,11719.67,16864.89
839,Teknoloji,136251.09,23,Yüksek,0.098,0.684,0.4,0.6,1,0.059,3215.53,4823.29
840,Teknoloji,331128.13,26,Düşük,0.067,0.871,0.39,0.61,1,0.04,5165.6,8079.53
841,Sağlık,168382.84,26,Orta,0.129,0.773,0.44,0.56,1,0.121,8964.7,11409.62
842,Sağlık,79569.7,10,Düşük,0.059,0.872,0.5,0.5,1,0.035,1392.47,1392.47
843,Enerji,130647.84,21,Yüksek,0.145,0.564,0.48,0.52,1,0.152,9532.07,10326.41
844,Enerji,368216.77,25,Yüksek,0.17,0.605,0.39,0.61,1,0.164,23551.14,36836.41
845,Sağlık,116455.23,10,Orta,0.137,0.688,0.35,0.65,1,0.153,6236.18,11581.47
846,Sağlık,186765.79,8,Yüksek,0.142,0.556,0.31,0.69,1,0.109,6310.82,14046.65
847,İnşaat,236082.9,17,Orta,0.084,0.744,0.36,0.64,1,0.071,6034.28,10727.61
848,Teknoloji,218594.62,6,Orta,0.092,0.664,0.58,0.42000000000000004,0,-0.191,-24215.91,-17535.66
849,Enerji,553894.71,26,Düşük,0.044,0.932,0.4,0.6,1,0.045,9970.1,14955.16
850,Teknoloji,90386.33,34,Orta,0.118,0.717,0.49,0.51,1,0.078,3454.57,3595.57
851,Teknoloji,95012.95,14,Düşük,0.055,0.907,0.54,0.45999999999999996,1,0.061,3129.73,2666.06
852,Sağlık,91137.33,34,Yüksek,0.144,0.554,0.65,0.35,1,0.135,7997.3,4306.24
853,İnşaat,140370.52,14,Orta,0.118,0.753,0.66,0.33999999999999997,1,0.099,9171.81,4724.87
854,Gıda,282007.43,9,Orta,0.092,0.671,0.6,0.4,1,0.092,15566.81,10377.87
855,İnşaat,97161.78,8,Düşük,0.068,0.892,0.31,0.69,1,0.065,1957.81,4357.71
856,İnşaat,283986.01,22,Orta,0.079,0.74,0.53,0.47,0,-0.13,-19566.64,-17351.55
857,Teknoloji,165638.56,7,Düşük,0.07,0.923,0.61,0.39,1,0.077,7780.04,4974.13
858,İnşaat,93479.89,29,Orta,0.107,0.818,0.31,0.69,1,0.122,3535.41,7869.14
859,Enerji,67799.83,6,Düşük,0.059,0.904,0.52,0.48,1,0.032,1128.19,1041.41
860,Teknoloji,75827.38,13,Yüksek,0.154,0.426,0.64,0.36,0,-0.054,-2620.59,-1474.08
861,Enerji,116666.33,18,Orta,0.074,0.697,0.49,0.51,0,-0.171,-9775.47,-10174.47
862,Gıda,149555.74,28,Orta,0.102,0.683,0.3,0.7,1,0.096,4307.21,10050.15
863,Teknoloji,319027.15,20,Orta,0.097,0.675,0.3,0.7,0,-0.053,-5072.53,-11835.91
864,Gıda,242690.95,13,Orta,0.075,0.723,0.47,0.53,1,0.07,7984.53,9003.83
865,Teknoloji,106994.14,17,Orta,0.087,0.696,0.36,0.64,1,0.091,3505.13,6231.34
866,Sağlık,199652.3,27,Orta,0.097,0.694,0.57,0.43000000000000005,0,-0.196,-22305.16,-16826.7
867,İnşaat,371674.27,17,Yüksek,0.132,0.416,0.58,0.42000000000000004,0,-0.141,-30395.52,-22010.55
868,Sağlık,415384.02,19,Orta,0.052,0.654,0.37,0.63,1,0.041,6301.38,10729.37
869,Gıda,139078.94,20,Yüksek,0.182,0.431,0.66,0.33999999999999997,0,-0.179,-16430.79,-8464.34
870,İnşaat,262798.86,20,Yüksek,0.146,0.452,0.48,0.52,0,-0.176,-22201.25,-24051.35
871,Teknoloji,326105.97,14,Düşük,0.037,0.893,0.36,0.64,1,0.044,5165.52,9183.14
872,İnşaat,76608.56,24,Yüksek,0.214,0.553,0.61,0.39,0,-0.148,-6916.22,-4421.85
873,Enerji,125969.67,31,Düşük,0.072,0.864,0.62,0.38,1,0.109,8513.03,5217.66
874,İnşaat,493860.99,25,Yüksek,0.14,0.527,0.56,0.43999999999999995,0,-0.051,-14104.67,-11082.24
875,Enerji,140011.79,34,Orta,0.083,0.718,0.64,0.36,0,-0.139,-12455.45,-7006.19
876,İnşaat,37628.77,27,Yüksek,0.162,0.455,0.59,0.41000000000000003,1,0.162,3596.56,2499.3
877,Enerji,153203.0,13,Yüksek,0.156,0.402,0.65,0.35,0,-0.177,-17626.0,-9490.93
878,Gıda,285590.07,26,Yüksek,0.166,0.54,0.47,0.53,1,0.15,20134.1,22704.41
879,Sağlık,163285.46,24,Orta,0.083,0.787,0.6,0.4,1,0.077,7543.79,5029.19
880,Teknoloji,232741.1,11,Orta,0.122,0.695,0.7,0.30000000000000004,0,-0.113,-18409.82,-7889.92
881,İnşaat,260175.32,25,Düşük,0.055,0.863,0.59,0.41000000000000003,1,0.044,6754.15,4693.56
882,Sağlık,136288.78,30,Orta,0.114,0.827,0.35,0.65,1,0.12,5724.13,10630.52
883,Teknoloji,125530.43,34,Düşük,0.052,0.878,0.51,0.49,1,0.043,2752.88,2644.93
884,Teknoloji,175732.9,24,Orta,0.153,0.695,0.53,0.47,0,-0.17,-15833.53,-14041.06
885,Enerji,177884.45,9,Orta,0.114,0.821,0.37,0.63,1,0.106,6976.63,11879.12
886,Gıda,167215.46,28,Yüksek,0.237,0.645,0.69,0.31000000000000005,1,0.24,27690.88,12440.83
887,Gıda,170685.55,12,Orta,0.117,0.74,0.37,0.63,1,0.108,6820.59,11613.44
888,Sağlık,111940.97,33,Yüksek,0.133,0.547,0.37,0.63,0,-0.105,-4348.91,-7404.89
889,Gıda,236840.8,33,Düşük,0.068,0.872,0.67,0.32999999999999996,1,0.061,9679.68,4767.61
890,İnşaat,219611.64,9,Yüksek,0.177,0.423,0.49,0.51,0,-0.172,-18508.87,-19264.33
891,Gıda,83449.41,27,Yüksek,0.161,0.572,0.33,0.6699999999999999,1,0.147,4048.13,8218.93
892,Sağlık,133976.39,17,Orta,0.113,0.67,0.54,0.45999999999999996,1,0.096,6945.34,5916.4
893,Gıda,170508.42,18,Orta,0.115,0.74,0.54,0.45999999999999996,1,0.101,9299.53,7921.82
894,İnşaat,124597.46,8,Orta,0.08,0.838,0.33,0.6699999999999999,0,-0.174,-7154.39,-14525.57
895,Enerji,223839.82,27,Düşük,0.049,0.945,0.69,0.31000000000000005,1,0.05,7722.47,3469.52
896,Sağlık,157402.06,17,Orta,0.084,0.698,0.52,0.48,0,-0.092,-7530.11,-6950.88
897,Enerji,177111.77,7,Orta,0.103,0.775,0.52,0.48,1,0.108,9946.6,9181.47
898,Enerji,133205.1,29,Düşük,0.058,0.897,0.51,0.49,1,0.034,2309.78,2219.2
899,Enerji,60077.49,7,Orta,0.08,0.825,0.54,0.45999999999999996,0,-0.164,-5320.46,-4532.25
900,Teknoloji,58385.67,32,Düşük,0.068,0.877,0.41,0.5900000000000001,1,0.061,1460.23,2101.3
901,Teknoloji,218557.58,28,Düşük,0.063,0.85,0.41,0.5900000000000001,1,0.072,6451.82,9284.33
902,Enerji,185991.46,14,Düşük,0.062,0.866,0.5,0.5,1,0.068,6323.71,6323.71
903,Sağlık,202669.35,6,Yüksek,0.142,0.505,0.62,0.38,0,-0.054,-6785.37,-4158.78
904,İnşaat,174074.11,13,Orta,0.092,0.713,0.32,0.6799999999999999,1,0.064,3565.04,7575.71
905,İnşaat,181186.78,28,Yüksek,0.125,0.637,0.54,0.45999999999999996,0,-0.101,-9881.93,-8417.94
906,Gıda,264213.21,11,Orta,0.119,0.786,0.62,0.38,1,0.125,20476.52,12550.13
907,Sağlık,203273.92,11,Orta,0.086,0.71,0.36,0.64,0,-0.168,-12294.01,-21856.01
908,Teknoloji,273882.56,27,Orta,0.104,0.742,0.31,0.69,1,0.114,9679.01,21543.6
909,Enerji,177323.48,30,Orta,0.133,0.669,0.43,0.5700000000000001,0,-0.148,-11284.87,-14959.01
910,Gıda,140057.61,23,Düşük,0.057,0.94,0.54,0.45999999999999996,1,0.034,2571.46,2190.5
911,İnşaat,179351.25,22,Orta,0.119,0.837,0.36,0.64,0,-0.193,-12461.32,-22153.47
912,Teknoloji,107142.08,34,Düşük,0.066,0.948,0.47,0.53,1,0.079,3978.19,4486.04
913,Teknoloji,134601.86,17,Orta,0.106,0.824,0.52,0.48,1,0.118,8259.17,7623.85
914,Enerji,177865.99,11,Orta,0.109,0.685,0.54,0.45999999999999996,1,0.082,7875.91,6709.1
915,İnşaat,176691.25,31,Düşük,0.059,0.855,0.41,0.5900000000000001,1,0.062,4491.49,6463.37
916,Sağlık,154321.07,32,Düşük,0.06,0.908,0.46,0.54,1,0.089,6317.9,7416.67
917,Teknoloji,81300.52,13,Orta,0.089,0.833,0.61,0.39,1,0.045,2231.7,1426.82
918,Enerji,223732.13,24,Orta,0.101,0.685,0.68,0.31999999999999995,0,-0.152,-23124.95,-10882.33
919,Sağlık,246992.74,33,Düşük,0.054,0.851,0.64,0.36,1,0.023,3635.73,2045.1
920,İnşaat,370217.24,15,Yüksek,0.18,0.642,0.53,0.47,0,-0.09,-17659.36,-15660.19
921,Teknoloji,202985.13,6,Düşük,0.043,0.858,0.46,0.54,1,0.074,6909.61,8111.29
922,Sağlık,162873.8,30,Orta,0.11,0.733,0.43,0.5700000000000001,1,0.12,8404.29,11140.57
923,Sağlık,98074.75,34,Yüksek,0.16,0.604,0.35,0.65,0,-0.147,-5045.95,-9371.04
924,Sağlık,343179.51,18,Düşük,0.062,0.874,0.34,0.6599999999999999,1,0.045,5250.65,10192.43
925,Teknoloji,184225.62,22,Düşük,0.07,0.858,0.58,0.42000000000000004,0,-0.153,-16348.18,-11838.34
926,Teknoloji,179276.86,8,Düşük,0.057,0.927,0.4,0.6,1,0.029,2079.61,3119.42
927,Gıda,143339.6,13,Orta,0.105,0.776,0.4,0.6,1,0.09,5160.23,7740.34
928,İnşaat,138831.36,19,Düşük,0.043,0.949,0.7,0.30000000000000004,1,0.058,5636.55,2415.67
929,Enerji,229609.05,8,Orta,0.092,0.719,0.38,0.62,1,0.106,9248.65,15089.91
930,Sağlık,97663.16,21,Düşük,0.069,0.856,0.36,0.64,1,0.113,3972.94,7063.0
931,Gıda,366852.79,18,Orta,0.073,0.797,0.34,0.6599999999999999,1,0.056,6984.88,13558.88
932,Enerji,328983.62,25,Yüksek,0.155,0.557,0.53,0.47,0,-0.106,-18482.3,-16389.96
933,Gıda,136348.48,29,Yüksek,0.13,0.464,0.55,0.44999999999999996,1,0.147,11023.77,9019.45
934,Teknoloji,105669.09,22,Orta,0.098,0.806,0.45,0.55,1,0.108,5135.52,6276.74
935,Sağlık,59420.65,18,Orta,0.088,0.691,0.51,0.49,1,0.09,2727.41,2620.45
936,Enerji,87054.8,34,Orta,0.075,0.702,0.62,0.38,1,0.114,6153.03,3771.21
937,Enerji,234440.18,11,Orta,0.108,0.669,0.63,0.37,0,-0.119,-17575.98,-10322.4
938,Enerji,190550.19,22,Orta,0.099,0.73,0.68,0.31999999999999995,1,0.127,16455.91,7743.96
939,Enerji,208319.2,19,Düşük,0.066,0.892,0.63,0.37,1,0.088,11549.22,6782.87
940,Enerji,64680.19,22,Yüksek,0.174,0.554,0.53,0.47,0,-0.134,-4593.59,-4073.56
941,Gıda,133531.43,35,Orta,0.125,0.792,0.37,0.63,1,0.109,5385.32,9169.6
942,Sağlık,322428.41,13,Düşük,0.061,0.941,0.34,0.6599999999999999,1,0.066,7235.29,14044.98
943,Teknoloji,155124.97,16,Orta,0.125,0.678,0.32,0.6799999999999999,1,0.145,7197.8,15295.32
944,Teknoloji,86150.64,25,Orta,0.08,0.661,0.57,0.43000000000000005,1,0.04,1964.23,1481.79
945,Teknoloji,153921.63,33,Yüksek,0.177,0.406,0.62,0.38,0,-0.057,-5439.59,-3333.94
946,Teknoloji,110690.28,6,Orta,0.109,0.679,0.5,0.5,1,0.126,6973.49,6973.49
947,Gıda,192305.31,31,Orta,0.105,0.782,0.32,0.6799999999999999,1,0.114,7015.3,14907.51
948,İnşaat,164435.34,12,Düşük,0.064,0.923,0.51,0.49,1,0.091,7631.44,7332.17
949,Sağlık,213554.71,26,Orta,0.081,0.807,0.67,0.32999999999999996,1,0.131,18743.7,9231.97
950,Enerji,88524.81,26,Orta,0.076,0.699,0.54,0.45999999999999996,1,0.053,2533.58,2158.23
951,İnşaat,130045.77,22,Düşük,0.077,0.881,0.62,0.38,1,0.071,5724.61,3508.63
952,Teknoloji,280749.24,35,Düşük,0.058,0.898,0.62,0.38,0,-0.068,-11836.39,-7254.56
953,İnşaat,82690.5,15,Orta,0.096,0.663,0.67,0.32999999999999996,1,0.137,7590.16,3738.44
954,Sağlık,98562.29,16,Düşük,0.049,0.911,0.61,0.39,1,0.038,2284.67,1460.69
955,Enerji,179808.68,27,Orta,0.07,0.847,0.6,0.4,1,0.082,8846.59,5897.72
956,Enerji,187843.59,35,Düşük,0.059,0.886,0.39,0.61,1,0.086,6300.27,9854.27
957,Sağlık,127462.19,14,Düşük,0.057,0.925,0.32,0.6799999999999999,0,-0.14,-5710.31,-12134.4
958,Sağlık,141603.13,14,Düşük,0.06,0.9,0.51,0.49,1,0.08,5777.41,5550.84
959,Teknoloji,212482.05,29,Yüksek,0.153,0.438,0.35,0.65,1,0.13,9667.93,17954.73
960,Enerji,248902.74,10,Yüksek,0.225,0.575,0.68,0.31999999999999995,1,0.219,37066.6,17443.1
961,İnşaat,95357.59,22,Yüksek,0.14,0.49,0.42,0.5800000000000001,1,0.144,5767.23,7964.27
962,Gıda,195274.15,14,Orta,0.132,0.657,0.64,0.36,1,0.113,14122.23,7943.75
963,Gıda,346628.19,22,Düşük,0.076,0.913,0.46,0.54,1,0.078,12437.02,14599.98
964,Sağlık,153591.84,29,Orta,0.115,0.822,0.43,0.5700000000000001,1,0.116,7661.16,10155.49
965,Teknoloji,94852.7,26,Orta,0.095,0.719,0.67,0.32999999999999996,1,0.117,7435.5,3662.26
966,Gıda,92684.27,24,Yüksek,0.109,0.517,0.45,0.55,0,-0.171,-7132.05,-8716.96
967,Enerji,150186.22,32,Düşük,0.065,0.939,0.46,0.54,1,0.047,3247.03,3811.73
968,Sağlık,273190.23,12,Orta,0.12,0.813,0.34,0.6599999999999999,0,-0.056,-5201.54,-10097.11
969,İnşaat,159471.75,28,Düşük,0.077,0.921,0.57,0.43000000000000005,1,0.071,6453.82,4868.67
970,Sağlık,178906.03,14,Orta,0.081,0.7,0.42,0.5800000000000001,1,0.062,4658.71,6433.46
971,İnşaat,98896.5,12,Orta,0.095,0.832,0.53,0.47,1,0.079,4140.8,3672.03
972,Sağlık,266081.74,18,Orta,0.081,0.681,0.54,0.45999999999999996,1,0.074,10632.63,9057.42
973,Sağlık,91781.93,16,Orta,0.087,0.775,0.59,0.41000000000000003,1,0.088,4765.32,3311.49
974,Sağlık,126468.91,19,Orta,0.113,0.656,0.6,0.4,1,0.065,4932.29,3288.19
975,İnşaat,223006.77,24,Orta,0.086,0.779,0.51,0.49,1,0.096,10918.41,10490.24
976,İnşaat,58705.24,16,Orta,0.084,0.705,0.43,0.5700000000000001,0,-0.137,-3458.33,-4584.29
977,Sağlık,177545.21,18,Yüksek,0.174,0.535,0.63,0.37,1,0.193,21587.72,12678.5
978,Gıda,96805.9,19,Yüksek,0.164,0.504,0.42,0.5800000000000001,0,-0.198,-8050.38,-11117.19
979,Teknoloji,164107.13,18,Orta,0.107,0.685,0.5,0.5,1,0.135,11077.23,11077.23
980,Teknoloji,136485.3,6,Orta,0.087,0.774,0.46,0.54,0,-0.071,-4457.61,-5232.85
981,Teknoloji,466455.27,13,Orta,0.126,0.826,0.64,0.36,1,0.089,26569.29,14945.23
982,İnşaat,133711.45,17,Orta,0.1,0.842,0.47,0.53,1,0.066,4147.73,4677.23
983,İnşaat,408940.8,24,Düşük,0.084,0.869,0.45,0.55,1,0.12,22082.8,26990.09
984,Gıda,218267.39,17,Yüksek,0.155,0.615,0.58,0.42000000000000004,0,-0.123,-15571.2,-11275.69
985,Teknoloji,109018.24,13,Düşük,0.037,0.916,0.54,0.45999999999999996,1,0.019,1118.53,952.82
986,Teknoloji,192029.73,13,Yüksek,0.079,0.503,0.34,0.6599999999999999,1,0.024,1566.96,3041.75
987,Sağlık,139775.82,34,Orta,0.112,0.654,0.5,0.5,1,0.126,8805.88,8805.88
988,İnşaat,183703.58,26,Orta,0.126,0.788,0.59,0.41000000000000003,1,0.112,12139.13,8435.67
989,Teknoloji,113897.53,18,Orta,0.084,0.839,0.7,0.30000000000000004,1,0.078,6218.81,2665.2
990,Gıda,378923.2,17,Yüksek,0.213,0.59,0.55,0.44999999999999996,0,-0.176,-36679.77,-30010.72
991,Gıda,258512.43,34,Orta,0.133,0.737,0.45,0.55,1,0.144,16751.61,20474.18
992,Teknoloji,165361.75,21,Orta,0.104,0.755,0.39,0.61,1,0.101,6513.6,10187.94
993,İnşaat,386372.57,6,Düşük,0.065,0.87,0.65,0.35,1,0.045,11301.4,6085.37
994,Gıda,168913.09,18,Orta,0.118,0.8,0.63,0.37,1,0.139,14791.72,8687.2
995,Sağlık,281760.44,31,Düşük,0.079,0.925,0.39,0.61,1,0.091,9999.68,15640.52
996,Gıda,165901.63,12,Orta,0.114,0.679,0.38,0.62,1,0.116,7312.94,11931.65
997,Enerji,198182.54,33,Orta,0.104,0.826,0.59,0.41000000000000003,1,0.116,13563.61,9425.56
998,Enerji,156260.63,31,Orta,0.113,0.704,0.43,0.5700000000000001,1,0.129,8667.78,11489.84
999,İnşaat,170697.91,10,Düşük,0.065,0.948,0.42,0.5800000000000001,0,-0.161,-11542.59,-15939.77
1000,Teknoloji,177241.05,13,Düşük,0.069,0.888,0.36,0.64,1,0.078,4976.93,8847.87
